NASDAQ,AMTD,2006-01-25,6.0
NASDAQ,AHGP,2009-11-09,0.44
NASDAQ,AHGP,2009-08-10,0.428
NASDAQ,AHGP,2009-05-11,0.415
NASDAQ,AHGP,2009-02-10,0.403
NASDAQ,AHGP,2008-11-07,0.39
NASDAQ,AHGP,2008-08-08,0.353
NASDAQ,AHGP,2008-05-09,0.288
NASDAQ,AHGP,2008-02-08,0.288
NASDAQ,AHGP,2007-11-07,0.265
NASDAQ,AHGP,2007-08-08,0.265
NASDAQ,AHGP,2007-05-09,0.25
NASDAQ,AHGP,2007-02-07,0.25
NASDAQ,AHGP,2006-11-07,0.215
NASDAQ,AHGP,2006-08-09,0.215
NASDAQ,ALEX,2009-11-03,0.315
NASDAQ,ALEX,2009-08-04,0.315
NASDAQ,ALEX,2009-05-12,0.315
NASDAQ,ALEX,2009-02-11,0.315
NASDAQ,ALEX,2008-11-04,0.315
NASDAQ,AFCE,2005-06-06,12.0
NASDAQ,ASRVP,2009-12-28,0.528
NASDAQ,ASRVP,2009-09-25,0.528
NASDAQ,ASRVP,2009-06-25,0.528
NASDAQ,ASRVP,2009-03-26,0.528
NASDAQ,ASRVP,2008-12-26,0.528
NASDAQ,ASRVP,2008-09-25,0.528
NASDAQ,ASRVP,2008-06-25,0.528
NASDAQ,ASRVP,2008-03-26,0.528
NASDAQ,ASRVP,2007-12-26,0.528
NASDAQ,ASRVP,2007-09-26,0.528
NASDAQ,ASRVP,2007-06-27,0.528
NASDAQ,ASRVP,2007-03-28,0.528
NASDAQ,ASRVP,2006-12-26,0.528
NASDAQ,ASRVP,2006-09-27,0.528
NASDAQ,ASRVP,2006-06-28,0.528
NASDAQ,ASRVP,2006-03-28,0.528
NASDAQ,ASRVP,2005-12-28,0.528
NASDAQ,ASRVP,2005-09-27,0.528
NASDAQ,ASRVP,2005-06-27,0.528
NASDAQ,ASRVP,2005-03-28,0.528
NASDAQ,ASRVP,2004-12-28,0.528
NASDAQ,ASRVP,2004-09-27,0.528
NASDAQ,ASRVP,2004-06-25,0.528
NASDAQ,ASRVP,2004-03-26,0.528
NASDAQ,ASRVP,2003-12-26,0.528
NASDAQ,ASRVP,2003-09-25,0.528
NASDAQ,ASRVP,2003-06-25,0.528
NASDAQ,ASRVP,2003-03-26,0.528
NASDAQ,ASRVP,2002-12-26,0.528
NASDAQ,ASRVP,2002-09-25,0.528
NASDAQ,ASRVP,2002-06-26,0.528
NASDAQ,ASRVP,2002-03-26,0.528
NASDAQ,ASRVP,2001-12-26,0.528
NASDAQ,ASRVP,2001-09-26,0.528
NASDAQ,ASRVP,2001-06-27,0.528
NASDAQ,ASRVP,2001-03-28,0.528
NASDAQ,ASRVP,2000-12-27,0.528
NASDAQ,ASRVP,2000-09-27,0.528
NASDAQ,ASRVP,2000-06-27,0.528
NASDAQ,ASRVP,2000-03-28,0.528
NASDAQ,ASRVP,1999-12-28,0.528
NASDAQ,ASRVP,1999-09-28,0.528
NASDAQ,ACXM,2008-08-19,0.06
NASDAQ,ACXM,2008-05-30,0.06
NASDAQ,ACXM,2008-02-21,0.06
NASDAQ,ACXM,2007-11-01,0.06
NASDAQ,ACXM,2007-02-08,0.06
NASDAQ,ACXM,2006-11-09,0.06
NASDAQ,ACXM,2006-08-10,0.05
NASDAQ,ACXM,2006-06-08,0.05
NASDAQ,ACXM,2006-02-15,0.05
NASDAQ,ACXM,2005-11-09,0.05
NASDAQ,ACXM,2005-08-11,0.05
NASDAQ,ACXM,2005-06-02,0.05
NASDAQ,ACXM,2005-02-10,0.05
NASDAQ,ACXM,2004-11-04,0.04
NASDAQ,ACXM,2004-08-05,0.04
NASDAQ,ACXM,2004-06-03,0.04
NASDAQ,ACXM,2004-02-11,0.04
NASDAQ,ASFN,2008-07-30,0.03
NASDAQ,ASFN,2008-04-29,0.03
NASDAQ,ASFN,2008-01-30,0.03
NASDAQ,AMFI,2008-08-28,0.185
NASDAQ,AMFI,2008-08-12,0.051
NASDAQ,AMFI,2008-05-28,0.185
NASDAQ,AMFI,2008-02-27,0.185
NASDAQ,AMFI,2007-11-28,0.185
NASDAQ,AMFI,2007-08-29,0.185
NASDAQ,AMFI,2007-05-30,0.185
NASDAQ,AMFI,2007-02-27,0.185
NASDAQ,AMFI,2006-11-29,0.185
NASDAQ,AMFI,2006-08-30,0.185
NASDAQ,AMFI,2006-05-30,0.185
NASDAQ,AMFI,2006-02-27,0.185
NASDAQ,AMFI,2005-11-29,0.17
NASDAQ,AMFI,2005-08-30,0.17
NASDAQ,AMFI,2005-05-27,0.17
NASDAQ,AMFI,2005-02-25,0.17
NASDAQ,AMFI,2004-11-29,0.17
NASDAQ,AMFI,2004-08-30,0.17
NASDAQ,AMFI,2004-05-27,0.17
NASDAQ,AMFI,2004-02-26,0.17
NASDAQ,AMFI,2003-11-26,0.17
NASDAQ,AMFI,2003-08-28,0.17
NASDAQ,AMFI,2003-05-29,0.16
NASDAQ,AMFI,2003-02-27,0.16
NASDAQ,AMFI,2002-11-27,0.16
NASDAQ,AMFI,2002-08-29,0.16
NASDAQ,AMFI,2002-05-30,0.16
NASDAQ,AMFI,2002-02-27,0.16
NASDAQ,AMFI,2001-11-29,0.16
NASDAQ,AMFI,2001-08-29,0.16
NASDAQ,AMFI,2001-05-30,0.16
NASDAQ,AMFI,2001-02-23,0.16
NASDAQ,AMFI,2000-11-29,0.16
NASDAQ,AMFI,2000-08-30,0.16
NASDAQ,AMFI,2000-05-31,0.16
NASDAQ,AMFI,2000-03-01,0.16
NASDAQ,AMFI,1999-12-01,0.14
NASDAQ,AMFI,1999-09-01,0.14
NASDAQ,AMFI,1999-06-02,0.14
NASDAQ,AMFI,1999-03-02,0.14
NASDAQ,AMFI,1998-12-02,0.14
NASDAQ,AMFI,1998-09-02,0.14
NASDAQ,AMFI,1998-06-02,0.14
NASDAQ,AMFI,1998-03-02,0.12
NASDAQ,AMFI,1997-12-02,0.12
NASDAQ,AMFI,1997-09-03,0.12
NASDAQ,AMFI,1997-06-03,0.10667
NASDAQ,AMFI,1997-03-04,0.10667
NASDAQ,AMFI,1996-12-03,0.10667
NASDAQ,AMFI,1996-09-04,0.10667
NASDAQ,AMFI,1996-06-04,0.10667
NASDAQ,AMFI,1996-03-04,0.10667
NASDAQ,AMFI,1995-11-22,0.1
NASDAQ,AMFI,1995-09-05,0.1
NASDAQ,AMFI,1995-05-24,0.1
NASDAQ,AMFI,1995-02-22,0.1
NASDAQ,AMFI,1994-11-21,0.1
NASDAQ,AMFI,1994-09-02,0.1
NASDAQ,AMFI,1994-05-24,0.09
NASDAQ,AMFI,1994-02-22,0.09
NASDAQ,AMFI,1993-11-23,0.08
NASDAQ,AMFI,1993-08-25,0.08
NASDAQ,AMFI,1993-05-24,0.07111
NASDAQ,AMFI,1993-02-22,0.07111
NASDAQ,AMFI,1992-11-23,0.07111
NASDAQ,AMFI,1992-08-25,0.06222
NASDAQ,AMFI,1992-05-22,0.06222
NASDAQ,AMFI,1992-05-11,0.87778
NASDAQ,AMFI,1992-02-24,0.06222
NASDAQ,AMFI,1991-11-22,0.06222
NASDAQ,AMFI,1991-08-26,0.06222
NASDAQ,AMFI,1991-05-24,0.06222
NASDAQ,AMFI,1991-02-22,0.05555
NASDAQ,AMFI,1990-11-26,0.05555
NASDAQ,AMFI,1990-08-27,0.05555
NASDAQ,AMFI,1990-05-24,0.05555
NASDAQ,AMFI,1990-03-06,0.05555
NASDAQ,AMFI,1989-11-30,0.05555
NASDAQ,AMFI,1989-08-29,0.05555
NASDAQ,AMFI,1989-05-24,0.05555
NASDAQ,AMFI,1989-02-22,0.05555
NASDAQ,AMFI,1988-11-23,0.04889
NASDAQ,AMFI,1988-08-26,0.04445
NASDAQ,AMFI,1988-05-24,0.04445
NASDAQ,AMFI,1988-02-23,0.04445
NASDAQ,AMFI,1986-11-21,0.04
NASDAQ,AMFI,1986-08-26,0.04
NASDAQ,AMFI,1986-06-03,0.02
NASDAQ,AMPL,1995-12-13,0.21
NASDAQ,APFC,2003-12-24,0.105
NASDAQ,AMNB,2009-12-02,0.23
NASDAQ,AMNB,2009-09-02,0.23
NASDAQ,AMNB,2009-06-03,0.23
NASDAQ,AMNB,2009-03-04,0.23
NASDAQ,AMNB,2008-12-03,0.23
NASDAQ,AMNB,2008-09-03,0.23
NASDAQ,AMNB,2008-06-04,0.23
NASDAQ,AMNB,2008-03-05,0.23
NASDAQ,AMNB,2007-12-05,0.23
NASDAQ,AMNB,2007-09-05,0.23
NASDAQ,AMNB,2007-06-06,0.23
NASDAQ,AMNB,2007-03-05,0.22
NASDAQ,AMNB,2006-12-04,0.22
NASDAQ,AMNB,2006-09-06,0.22
NASDAQ,AMNB,2006-06-07,0.22
NASDAQ,AMNB,2006-03-08,0.21
NASDAQ,AMNB,2005-11-30,0.21
NASDAQ,AMNB,2005-09-07,0.21
NASDAQ,AMNB,2005-06-08,0.21
NASDAQ,AMNB,2005-03-09,0.2
NASDAQ,AMNB,2004-12-01,0.2
NASDAQ,AMNB,2004-09-08,0.2
NASDAQ,AMNB,2004-06-09,0.2
NASDAQ,AMNB,2004-03-08,0.19
NASDAQ,AMNB,2003-12-03,0.19
NASDAQ,AMNB,2003-09-03,0.19
NASDAQ,AMNB,2003-06-04,0.19
NASDAQ,AMNB,2003-03-05,0.18
NASDAQ,AMNB,2002-12-04,0.18
NASDAQ,AMNB,2002-09-04,0.18
NASDAQ,AMNB,2002-06-05,0.18
NASDAQ,AMNB,2002-03-06,0.17
NASDAQ,AMNB,2001-12-05,0.17
NASDAQ,AMNB,2001-09-05,0.17
NASDAQ,AMNB,2001-06-06,0.17
NASDAQ,AMNB,2001-03-07,0.15
NASDAQ,AMNB,2000-12-06,0.15
NASDAQ,AMNB,2000-09-06,0.15
NASDAQ,AMNB,2000-06-07,0.15
NASDAQ,AMNB,2000-03-08,0.135
NASDAQ,AMNB,1999-12-01,0.135
NASDAQ,AMNB,1999-09-08,0.135
NASDAQ,AMNB,1999-06-09,0.135
NASDAQ,ABCB,2009-06-26,0.04962
NASDAQ,ABCB,2009-03-27,0.04962
NASDAQ,ABCB,2008-12-24,0.04962
NASDAQ,ABCB,2008-09-26,0.04962
NASDAQ,ABCB,2008-06-26,0.13893
NASDAQ,ABCB,2008-03-27,0.13893
NASDAQ,ABCB,2007-12-27,0.13893
NASDAQ,ABCB,2007-09-26,0.13893
NASDAQ,ABCB,2007-06-27,0.13893
NASDAQ,ABCB,2007-03-28,0.13893
NASDAQ,ABCB,2006-12-26,0.13893
NASDAQ,ABCB,2006-09-27,0.13893
NASDAQ,ABCB,2006-06-28,0.13893
NASDAQ,ABCB,2006-03-29,0.13893
NASDAQ,ABCB,2005-12-28,0.13893
NASDAQ,ABCB,2005-09-28,0.13893
NASDAQ,ABCB,2005-06-28,0.13893
NASDAQ,ABCB,2005-03-29,0.13893
NASDAQ,ABCB,2004-12-29,0.11578
NASDAQ,ABCB,2004-09-28,0.11578
NASDAQ,ABCB,2004-06-28,0.11578
NASDAQ,ABCB,2004-03-29,0.11578
NASDAQ,ABCB,2003-12-29,0.11578
NASDAQ,ABCB,2003-09-26,0.11578
NASDAQ,ABCB,2003-06-26,0.09924
NASDAQ,ABCB,2003-03-27,0.09924
NASDAQ,ABCB,2002-12-27,0.09924
NASDAQ,ABCB,2002-09-26,0.09924
NASDAQ,ABCB,2002-07-01,0.09924
NASDAQ,ABCB,2002-03-26,0.09924
NASDAQ,ABCB,2001-12-27,0.09924
NASDAQ,ABCB,2001-09-26,0.09924
NASDAQ,ABCB,2001-06-27,0.09924
NASDAQ,ABCB,2001-03-28,0.09924
NASDAQ,ABCB,2000-12-27,0.09924
NASDAQ,ABCB,2000-09-29,0.09924
NASDAQ,ABCB,2000-06-28,0.09924
NASDAQ,ABCB,2000-03-29,0.08269
NASDAQ,ABCB,1999-12-29,0.08269
NASDAQ,ABCB,1999-09-28,0.06891
NASDAQ,ABCB,1999-06-28,0.06891
NASDAQ,ABCB,1999-03-29,0.06891
NASDAQ,ABCB,1998-12-29,0.06891
NASDAQ,ABCB,1998-09-28,0.06891
NASDAQ,ABCB,1998-06-26,0.06891
NASDAQ,ABCB,1997-12-29,0.06891
NASDAQ,ABCB,1997-09-26,0.06891
NASDAQ,ABCB,1997-06-26,0.06891
NASDAQ,ABCB,1997-03-26,0.05514
NASDAQ,ABCB,1996-12-20,0.05514
NASDAQ,ABCB,1996-09-26,0.05514
NASDAQ,ABCB,1996-06-18,0.05514
NASDAQ,ABCB,1996-03-27,0.05514
NASDAQ,ABCB,1995-12-27,0.05514
NASDAQ,ABCB,1995-09-28,0.05514
NASDAQ,ABCB,1995-06-28,0.04135
NASDAQ,ABCB,1995-03-27,0.04135
NASDAQ,ABCB,1994-12-23,0.03928
NASDAQ,ABCB,1994-09-26,0.03928
NASDAQ,ABCB,1994-07-11,0.03928
NASDAQ,AEPI,1995-09-20,0.025
NASDAQ,AEPI,1995-06-21,0.025
NASDAQ,AEPI,1995-03-20,0.025
NASDAQ,AEPI,1994-12-19,0.02
NASDAQ,AEPI,1994-09-19,0.02
NASDAQ,AEPI,1994-06-20,0.02
NASDAQ,AEPI,1994-03-21,0.02
NASDAQ,AEPI,1993-12-17,0.01667
NASDAQ,AEPI,1993-09-20,0.01667
NASDAQ,AEPI,1993-06-21,0.00467
NASDAQ,AMWD,2009-12-03,0.09
NASDAQ,AMWD,2009-09-10,0.09
NASDAQ,AMWD,2009-06-12,0.09
NASDAQ,AMWD,2009-03-09,0.09
NASDAQ,AMWD,2008-12-04,0.09
NASDAQ,AMWD,2008-09-04,0.09
NASDAQ,AMWD,2008-06-04,0.09
NASDAQ,AMWD,2008-03-10,0.09
NASDAQ,AMWD,2007-12-03,0.09
NASDAQ,AMWD,2007-09-05,0.09
NASDAQ,AMWD,2007-06-01,0.06
NASDAQ,AMWD,2007-03-14,0.06
NASDAQ,AMWD,2006-11-29,0.06
NASDAQ,AMWD,2006-09-13,0.06
NASDAQ,AMWD,2006-06-13,0.03
NASDAQ,AMWD,2006-03-15,0.03
NASDAQ,AMWD,2005-12-01,0.03
NASDAQ,AMWD,2005-09-07,0.03
NASDAQ,AMWD,2005-06-02,0.03
NASDAQ,AMWD,2005-03-08,0.03
NASDAQ,AMWD,2004-11-26,0.03
NASDAQ,AMWD,2004-09-08,0.03
NASDAQ,AMWD,2004-06-04,0.025
NASDAQ,AMWD,2004-03-04,0.025
NASDAQ,AMWD,2003-12-04,0.025
NASDAQ,AMWD,2003-09-11,0.025
NASDAQ,AMWD,2003-06-10,0.025
NASDAQ,AMWD,2003-03-04,0.025
NASDAQ,AMWD,2002-12-05,0.025
NASDAQ,AMWD,2002-09-16,0.025
NASDAQ,AMWD,2002-06-13,0.025
NASDAQ,AMWD,2002-03-14,0.025
NASDAQ,AMWD,2001-12-17,0.025
NASDAQ,AMWD,2001-05-29,0.025
NASDAQ,AMWD,2001-03-08,0.025
NASDAQ,AMWD,2000-12-11,0.025
NASDAQ,AMWD,2000-09-13,0.025
NASDAQ,AMWD,2000-06-09,0.025
NASDAQ,AMWD,2000-03-13,0.025
NASDAQ,AMWD,1999-12-20,0.025
NASDAQ,AMWD,1999-09-08,0.025
NASDAQ,AMWD,1999-06-09,0.02
NASDAQ,AMWD,1999-02-10,0.02
NASDAQ,AMWD,1998-12-18,0.02
NASDAQ,AMWD,1998-09-09,0.02
NASDAQ,AMWD,1998-06-11,0.015
NASDAQ,AMWD,1998-03-18,0.015
NASDAQ,AMWD,1997-11-26,0.015
NASDAQ,AMWD,1997-09-15,0.015
NASDAQ,AMWD,1997-06-11,0.01
NASDAQ,AMWD,1997-03-05,0.01
NASDAQ,AMWD,1996-12-11,0.01
NASDAQ,AMWD,1996-09-11,0.0025
NASDAQ,ANLY,2001-07-26,0.01
NASDAQ,ANLY,2001-04-26,0.03
NASDAQ,ANLY,2001-01-29,0.06
NASDAQ,ANLY,2000-10-27,0.1
NASDAQ,ANLY,2000-07-27,0.1
NASDAQ,ANLY,2000-04-26,0.1
NASDAQ,ANLY,2000-01-27,0.1
NASDAQ,ANLY,1999-10-27,0.1
NASDAQ,ANLY,1999-07-28,0.1
NASDAQ,ANLY,1999-04-28,0.1
NASDAQ,ANLY,1999-01-27,0.1
NASDAQ,ANLY,1998-10-28,0.1
NASDAQ,ANLY,1998-07-29,0.08
NASDAQ,ANLY,1998-04-28,0.08
NASDAQ,ANLY,1998-01-28,0.08
NASDAQ,ANLY,1997-10-29,0.07333
NASDAQ,ANLY,1997-07-29,0.06
NASDAQ,ANLY,1997-04-28,0.06
NASDAQ,ANLY,1997-01-29,0.06
NASDAQ,ANLY,1996-10-29,0.06
NASDAQ,ANLY,1996-07-29,0.05
NASDAQ,ANLY,1996-04-26,0.05
NASDAQ,ANLY,1996-01-29,0.05
NASDAQ,ANLY,1995-10-27,0.05
NASDAQ,ANLY,1995-07-27,0.04333
NASDAQ,ANLY,1995-04-25,0.04333
NASDAQ,ANLY,1995-01-25,0.04333
NASDAQ,ANLY,1994-10-25,0.04333
NASDAQ,ANLY,1994-07-25,0.04
NASDAQ,ANLY,1994-04-26,0.04
NASDAQ,ANLY,1994-01-25,0.04
NASDAQ,ANLY,1993-10-25,0.04
NASDAQ,ANLY,1993-07-26,0.03333
NASDAQ,ANLY,1993-04-26,0.03333
NASDAQ,ANLY,1993-01-25,0.03333
NASDAQ,ANLY,1992-10-26,0.03333
NASDAQ,ANLY,1992-07-27,0.03111
NASDAQ,ANLY,1992-04-24,0.03111
NASDAQ,ANLY,1992-01-27,0.03111
NASDAQ,ANLY,1991-10-25,0.03111
NASDAQ,ANLY,1991-07-25,0.03111
NASDAQ,ANLY,1991-04-24,0.03111
NASDAQ,ANLY,1991-01-25,0.03111
NASDAQ,ANLY,1990-10-25,0.03111
NASDAQ,ANLY,1990-07-25,0.02667
NASDAQ,ANLY,1990-04-25,0.02667
NASDAQ,ANLY,1990-01-25,0.02667
NASDAQ,ANLY,1989-10-25,0.02667
NASDAQ,ANLY,1989-06-28,0.02133
NASDAQ,ANLY,1989-04-25,0.02133
NASDAQ,ANLY,1989-01-25,0.02133
NASDAQ,ANLY,1988-10-25,0.02133
NASDAQ,ANLY,1988-07-20,0.02667
NASDAQ,ANLY,1987-12-24,0.02667
NASDAQ,AUBN,2009-12-08,0.19
NASDAQ,AUBN,2009-09-08,0.19
NASDAQ,AUBN,2009-06-08,0.19
NASDAQ,AUBN,2009-03-06,0.19
NASDAQ,AUBN,2008-12-08,0.185
NASDAQ,AUBN,2008-09-08,0.185
NASDAQ,AUBN,2008-06-06,0.185
NASDAQ,AUBN,2008-03-06,0.185
NASDAQ,AUBN,2007-12-06,0.175
NASDAQ,AUBN,2007-09-06,0.175
NASDAQ,AUBN,2007-06-06,0.175
NASDAQ,AUBN,2007-03-07,0.175
NASDAQ,AUBN,2006-12-06,0.16
NASDAQ,AUBN,2006-09-06,0.16
NASDAQ,AUBN,2006-06-07,0.16
NASDAQ,AUBN,2006-03-08,0.16
NASDAQ,AUBN,2005-12-07,0.145
NASDAQ,AUBN,2005-09-07,0.145
NASDAQ,AUBN,2005-06-08,0.145
NASDAQ,AUBN,2005-03-08,0.145
NASDAQ,AUBN,2004-12-08,0.125
NASDAQ,AUBN,2004-09-08,0.125
NASDAQ,AUBN,2004-06-08,0.125
NASDAQ,AUBN,2004-03-08,0.125
NASDAQ,AUBN,2003-12-08,0.12
NASDAQ,AUBN,2003-09-08,0.12
NASDAQ,AUBN,2003-06-06,0.12
NASDAQ,AUBN,2003-03-06,0.12
NASDAQ,AUBN,2002-12-06,0.11
NASDAQ,AUBN,2002-09-06,0.11
NASDAQ,AUBN,2002-06-06,0.11
NASDAQ,AUBN,2002-03-07,0.11
NASDAQ,AUBN,2001-12-06,0.1
NASDAQ,AUBN,2001-09-06,0.1
NASDAQ,AUBN,2001-06-06,0.1
NASDAQ,AUBN,2001-03-07,0.1
NASDAQ,AUBN,2000-12-12,0.1
NASDAQ,AUBN,2000-09-06,0.1
NASDAQ,AUBN,2000-06-07,0.1
NASDAQ,AUBN,2000-03-08,0.1
NASDAQ,AUBN,1999-12-08,0.1
NASDAQ,AUBN,1999-09-08,0.1
NASDAQ,AUBN,1999-06-08,0.06
NASDAQ,AUBN,1999-03-08,0.06
NASDAQ,AUBN,1998-12-08,0.048
NASDAQ,AUBN,1998-09-08,0.048
NASDAQ,AUBN,1998-06-08,0.04667
NASDAQ,AUBN,1998-03-06,0.04
NASDAQ,AUBN,1997-12-08,0.04
NASDAQ,AUBN,1997-09-11,0.04
NASDAQ,AUBN,1997-06-10,0.04
NASDAQ,AUBN,1997-03-17,0.04
NASDAQ,AUBN,1996-12-06,0.03667
NASDAQ,AUBN,1996-09-06,0.03667
NASDAQ,AUBN,1996-03-20,0.03333
NASDAQ,ALDA,2008-05-28,0.15
NASDAQ,ALDA,2008-03-31,0.15
NASDAQ,ALDA,2008-03-11,5.0
NASDAQ,ALDA,2007-11-27,0.15
NASDAQ,ALDA,2007-08-27,0.15
NASDAQ,ALDA,2007-05-31,0.15
NASDAQ,ALDA,2007-04-04,0.15
NASDAQ,ALDA,2006-11-30,0.15
NASDAQ,ALDA,2006-08-21,0.15
NASDAQ,ALDA,2006-06-01,0.15
NASDAQ,ALDA,2006-03-30,0.15
NASDAQ,ALDA,2005-11-30,1.15
NASDAQ,ALDA,2005-08-31,0.15
NASDAQ,ALDA,2005-06-03,0.1
NASDAQ,ALDA,2005-03-23,0.05
NASDAQ,ALDA,2004-11-29,0.05
NASDAQ,ALDA,2004-08-30,0.05
NASDAQ,ALDA,2004-05-27,0.05
NASDAQ,ALOY,2005-12-20,16.6
NASDAQ,AFSI,2009-12-30,0.06
NASDAQ,AFSI,2009-09-29,0.06
NASDAQ,AFSI,2009-06-29,0.06
NASDAQ,AFSI,2009-03-30,0.05
NASDAQ,AFSI,2008-12-29,0.05
NASDAQ,AFSI,2008-09-30,0.05
NASDAQ,AFSI,2008-06-27,0.04
NASDAQ,AFSI,2008-03-28,0.04
NASDAQ,AFSI,2007-12-28,0.04
NASDAQ,AFSI,2007-09-27,0.025
NASDAQ,AFSI,2007-06-28,0.025
NASDAQ,AFSI,2007-03-29,0.02
NASDAQ,AFSI,2006-12-28,0.02
NASDAQ,ADP,2009-12-09,0.34
NASDAQ,ADP,2009-09-09,0.33
NASDAQ,ADP,2009-06-10,0.33
NASDAQ,ADP,2009-03-11,0.33
NASDAQ,ADP,2008-12-10,0.33
NASDAQ,ADP,2008-09-10,0.29
NASDAQ,ADP,2008-06-11,0.29
NASDAQ,ADP,2008-03-12,0.29
NASDAQ,ADP,2007-12-12,0.29
NASDAQ,ADP,2007-09-12,0.23
NASDAQ,ADP,2007-06-13,0.23
NASDAQ,ADP,2007-04-02,4.925
NASDAQ,ADP,2007-03-07,0.23
NASDAQ,ADP,2006-12-06,0.23
NASDAQ,ADP,2006-09-13,0.185
NASDAQ,ADP,2006-06-07,0.185
NASDAQ,ADP,2006-03-08,0.185
NASDAQ,ADP,2005-12-07,0.185
NASDAQ,ADP,2005-09-07,0.155
NASDAQ,ADP,2005-06-08,0.155
NASDAQ,ADP,2005-03-10,0.155
NASDAQ,ADP,2004-12-08,0.155
NASDAQ,ADP,2004-09-08,0.14
NASDAQ,ADP,2004-06-09,0.14
NASDAQ,ADP,2004-03-11,0.14
NASDAQ,ADP,2003-12-10,0.14
NASDAQ,ADP,2003-09-10,0.12
NASDAQ,ADP,2003-06-11,0.12
NASDAQ,ADP,2003-03-12,0.12
NASDAQ,ADP,2002-12-11,0.12
NASDAQ,ADP,2002-09-11,0.115
NASDAQ,ADP,2002-06-12,0.115
NASDAQ,ADP,2002-03-13,0.115
NASDAQ,ADP,2001-12-12,0.115
NASDAQ,ADP,2001-06-06,0.103
NASDAQ,ADP,2001-03-07,0.103
NASDAQ,ADP,2000-12-07,0.103
NASDAQ,ADP,2000-09-13,0.088
NASDAQ,ADP,2000-06-07,0.088
NASDAQ,ADP,2000-03-08,0.088
NASDAQ,ADP,1999-12-08,0.088
NASDAQ,ADP,1999-09-08,0.076
NASDAQ,ADP,1999-06-09,0.075
NASDAQ,ADP,1999-03-10,0.075
NASDAQ,ADP,1998-12-09,0.076
NASDAQ,ADP,1998-09-09,0.066
NASDAQ,ADP,1998-06-10,0.066
NASDAQ,ADP,1998-03-11,0.066
NASDAQ,ADP,1997-12-10,0.066
NASDAQ,ADP,1997-09-10,0.0575
NASDAQ,ADP,1997-06-11,0.0575
NASDAQ,ADP,1997-03-12,0.0575
NASDAQ,ADP,1996-12-11,0.0575
NASDAQ,ADP,1996-09-11,0.05
NASDAQ,ADP,1996-06-12,0.05
NASDAQ,ADP,1996-03-13,0.05
NASDAQ,ADP,1995-12-13,0.05
NASDAQ,ADP,1995-09-13,0.04375
NASDAQ,ADP,1995-06-14,0.04375
NASDAQ,ADP,1995-03-13,0.0375
NASDAQ,ADP,1994-12-12,0.0375
NASDAQ,ADP,1994-09-12,0.0375
NASDAQ,ADP,1994-06-07,0.0375
NASDAQ,ADP,1994-03-08,0.0325
NASDAQ,ADP,1993-12-06,0.0325
NASDAQ,ADP,1993-09-07,0.0325
NASDAQ,ADP,1993-06-08,0.0325
NASDAQ,ADP,1993-03-08,0.02875
NASDAQ,ADP,1992-12-07,0.02875
NASDAQ,ADP,1992-09-08,0.02875
NASDAQ,ADP,1992-06-02,0.02875
NASDAQ,ADP,1992-03-10,0.025
NASDAQ,ADP,1991-12-10,0.025
NASDAQ,ADP,1991-09-10,0.025
NASDAQ,ADP,1991-06-11,0.025
NASDAQ,ADP,1991-03-12,0.02187
NASDAQ,ADP,1990-12-11,0.02187
NASDAQ,ADP,1990-09-11,0.02187
NASDAQ,ADP,1990-06-14,0.02187
NASDAQ,ADP,1990-03-13,0.01875
NASDAQ,ADP,1989-12-12,0.01875
NASDAQ,ADP,1989-09-12,0.01875
NASDAQ,ADP,1989-06-13,0.01875
NASDAQ,ADP,1989-03-14,0.01625
NASDAQ,ADP,1988-12-12,0.01625
NASDAQ,ADP,1988-09-13,0.01625
NASDAQ,ADP,1988-06-14,0.01625
NASDAQ,ADP,1988-03-15,0.01375
NASDAQ,ADP,1987-12-14,0.01375
NASDAQ,ADP,1987-09-14,0.01375
NASDAQ,ADP,1987-06-15,0.01375
NASDAQ,ADP,1987-01-27,0.01188
NASDAQ,ADP,1986-12-11,0.01188
NASDAQ,ADP,1986-09-15,0.01188
NASDAQ,ADP,1986-06-13,0.01188
NASDAQ,ADP,1986-03-17,0.01063
NASDAQ,ADP,1985-12-10,0.01063
NASDAQ,ADP,1985-09-12,0.01063
NASDAQ,ADP,1985-06-11,0.01063
NASDAQ,ADP,1985-03-12,0.00968
NASDAQ,ADP,1984-12-11,0.00968
NASDAQ,ADP,1984-09-11,0.00968
NASDAQ,ADP,1984-06-12,0.00968
NASDAQ,ADP,1984-03-13,0.00875
NASDAQ,ADP,1983-12-12,0.00875
NASDAQ,ADP,1983-09-12,0.00875
NASDAQ,ADP,1983-06-14,0.00875
NASDAQ,ALBY,2008-04-15,0.02
NASDAQ,ALBY,2007-12-12,0.02
NASDAQ,ALBY,2007-09-12,0.02
NASDAQ,ALBY,2007-06-13,0.02
NASDAQ,ALBY,2007-03-13,0.02
NASDAQ,ALBY,2006-12-13,0.02
NASDAQ,ALBY,2006-09-13,0.02
NASDAQ,ALBY,2006-06-13,0.02
NASDAQ,ALBY,2006-03-13,0.02
NASDAQ,ALBY,2005-12-13,0.02
NASDAQ,ALBY,2005-09-13,0.02
NASDAQ,ALBY,2005-06-13,0.02
NASDAQ,ALBY,2005-03-11,0.02
NASDAQ,ALBY,2004-12-13,0.02
NASDAQ,ALBY,2004-09-13,0.02
NASDAQ,ALBY,2004-06-14,0.02
NASDAQ,ALBY,2004-03-11,0.02
NASDAQ,ALBY,2003-12-12,0.02
NASDAQ,ALBY,2003-09-25,0.02
NASDAQ,ALBY,2003-06-06,0.02
NASDAQ,ACWI,2009-12-22,0.28
NASDAQ,ACWI,2009-06-23,0.266
NASDAQ,AMOV,2009-07-21,0.448
NASDAQ,AMOV,2008-07-22,0.503
NASDAQ,AMOV,2007-11-01,1.862
NASDAQ,AMOV,2007-07-24,0.369
NASDAQ,AMOV,2006-07-21,0.178
NASDAQ,AMOV,2006-03-20,0.033
NASDAQ,AMOV,2005-12-20,0.59
NASDAQ,AMOV,2005-09-20,0.097
NASDAQ,AMOV,2005-06-21,0.03233
NASDAQ,AMOV,2005-03-18,0.01767
NASDAQ,AMOV,2004-12-20,0.01733
NASDAQ,AMOV,2004-09-20,0.01767
NASDAQ,AMOV,2004-06-21,0.01767
NASDAQ,AMOV,2004-03-22,0.009
NASDAQ,AMOV,2003-12-19,0.00933
NASDAQ,AMOV,2003-09-22,0.00933
NASDAQ,AMOV,2003-06-23,0.00967
NASDAQ,AMOV,2003-03-24,0.007
NASDAQ,AMOV,2002-09-23,0.00733
NASDAQ,AMOV,2002-06-24,0.00767
NASDAQ,AMOV,2002-03-25,0.00733
NASDAQ,AMOV,2001-12-21,0.00733
NASDAQ,AMOV,2001-06-25,0.00733
NASDAQ,ASMI,2007-08-01,0.137
NASDAQ,ACME,2007-02-22,0.5
NASDAQ,APSA,2009-11-12,0.751
NASDAQ,APSA,2008-11-05,0.912
NASDAQ,APSA,2007-11-07,0.91
NASDAQ,APSA,2006-11-24,0.782
NASDAQ,APSA,2005-12-19,0.495
NASDAQ,APSA,2004-11-12,0.312
NASDAQ,APSA,2003-11-25,0.199
NASDAQ,AMSWA,2009-11-17,0.09
NASDAQ,AMSWA,2009-08-19,0.09
NASDAQ,AMSWA,2009-05-13,0.09
NASDAQ,AMSWA,2009-02-18,0.09
NASDAQ,AMSWA,2008-11-06,0.09
NASDAQ,AMSWA,2008-08-20,0.09
NASDAQ,AMSWA,2008-05-14,0.09
NASDAQ,AMSWA,2008-02-20,0.09
NASDAQ,AMSWA,2007-11-07,0.09
NASDAQ,AMSWA,2007-08-17,0.08
NASDAQ,AMSWA,2007-05-16,0.08
NASDAQ,AMSWA,2007-02-21,0.08
NASDAQ,AMSWA,2006-11-16,0.08
NASDAQ,AMSWA,2006-08-17,0.07
NASDAQ,AMSWA,2006-05-17,0.07
NASDAQ,AMSWA,2006-02-15,0.07
NASDAQ,AMSWA,2005-11-16,0.07
NASDAQ,AMSWA,2005-08-18,0.07
NASDAQ,AMSWA,2005-05-16,0.07
NASDAQ,AMSWA,2005-02-16,0.07
NASDAQ,AMSWA,2004-11-17,0.07
NASDAQ,AMSWA,2004-08-17,0.07
NASDAQ,AMSWA,2004-05-18,0.06
NASDAQ,AMSWA,2004-02-11,0.06
NASDAQ,AMSWA,2003-11-20,0.06
NASDAQ,AMSWA,2003-08-18,0.06
NASDAQ,AMSWA,1994-08-30,0.08
NASDAQ,AMSWA,1994-06-21,0.08
NASDAQ,AMSWA,1994-03-07,0.08
NASDAQ,AMSWA,1993-12-02,0.08
NASDAQ,AMSWA,1993-09-02,0.08
NASDAQ,AMSWA,1993-05-25,0.08
NASDAQ,AMSWA,1993-03-10,0.08
NASDAQ,AMSWA,1992-12-02,0.08
NASDAQ,AMSWA,1992-09-02,0.08
NASDAQ,AMSWA,1992-06-04,0.07
NASDAQ,AMSWA,1992-03-04,0.07
NASDAQ,AMSWA,1991-11-27,0.07
NASDAQ,AMSWA,1991-08-29,0.07
NASDAQ,AMSWA,1991-05-21,0.06
NASDAQ,AMSWA,1991-03-04,0.06
NASDAQ,AMSWA,1990-11-29,0.06
NASDAQ,AMSWA,1990-08-30,0.06
NASDAQ,AMSWA,1990-06-04,0.05333
NASDAQ,AMSWA,1990-02-27,0.05333
NASDAQ,AMSWA,1989-11-28,0.04667
NASDAQ,AMSWA,1989-08-29,0.04667
NASDAQ,AMSWA,1989-06-07,0.04667
NASDAQ,AMSWA,1989-02-28,0.04445
NASDAQ,AMSWA,1988-11-29,0.04445
NASDAQ,AMSWA,1988-06-29,0.03111
NASDAQ,AMSWA,1988-04-04,0.04445
NASDAQ,AMSWA,1988-01-20,0.02667
NASDAQ,AMSWA,1987-01-20,0.0237
NASDAQ,AMSWA,1986-07-21,0.0237
NASDAQ,ATLS,2009-02-05,0.05
NASDAQ,ATLS,2008-11-06,0.05
NASDAQ,ATLS,2008-08-04,0.05
NASDAQ,ATLS,2008-05-05,0.03333
NASDAQ,ATLS,2008-02-05,0.03333
NASDAQ,ATLS,2007-11-05,0.03333
NASDAQ,ATLS,2007-08-06,0.03333
NASDAQ,ATLS,2007-05-04,0.02222
NASDAQ,ATLO,2010-01-28,0.1
NASDAQ,ATLO,2009-10-29,0.1
NASDAQ,ATLO,2009-07-30,0.1
NASDAQ,ATLO,2009-04-29,0.1
NASDAQ,ATLO,2009-01-29,0.28
NASDAQ,ATLO,2008-10-30,0.28
NASDAQ,ATLO,2008-07-30,0.28
NASDAQ,ATLO,2008-04-29,0.28
NASDAQ,ATLO,2008-01-30,0.27
NASDAQ,ATLO,2007-10-30,0.27
NASDAQ,ATLO,2007-07-30,0.27
NASDAQ,ATLO,2007-04-27,0.27
NASDAQ,ATLO,2007-01-30,0.26
NASDAQ,ATLO,2006-10-30,0.26
NASDAQ,ATLO,2006-07-28,0.26
NASDAQ,ATLO,2006-04-27,0.26
NASDAQ,ATLO,2006-01-30,0.25
NASDAQ,ATLO,2005-10-28,0.25
NASDAQ,ATLO,2005-07-28,0.25
NASDAQ,ATLO,2005-04-28,0.25
NASDAQ,ATLO,2005-01-28,0.16333
NASDAQ,ATLO,2004-10-28,0.16333
NASDAQ,ATLO,2004-09-14,0.16333
NASDAQ,ATLO,2004-04-29,0.15333
NASDAQ,ATLO,2004-01-29,0.15333
NASDAQ,ATLO,2003-10-30,0.15333
NASDAQ,ATLO,2003-09-12,0.15333
NASDAQ,ATLO,2003-07-30,0.15333
NASDAQ,ATLO,2003-05-21,0.14667
NASDAQ,ATLO,2003-01-30,0.14667
NASDAQ,ATLO,2002-10-30,0.14667
NASDAQ,ATLO,2002-07-30,0.14667
NASDAQ,ATLO,2002-06-13,0.14667
NASDAQ,ATLO,2001-09-21,0.14
NASDAQ,ATLO,2001-06-14,0.14
NASDAQ,ATLO,2001-03-15,0.13333
NASDAQ,ATLO,2000-12-29,0.13333
NASDAQ,AMIN,2009-02-26,0.1
NASDAQ,AMIN,2008-05-08,0.18333
NASDAQ,APII,2006-01-13,0.15
NASDAQ,ACWX,2009-12-22,0.276
NASDAQ,ACWX,2009-06-23,0.551
NASDAQ,AAXJ,2009-12-22,0.507
NASDAQ,AAXJ,2009-06-23,0.195
NASDAQ,AGYS,2009-07-16,0.03
NASDAQ,AGYS,2009-04-14,0.03
NASDAQ,AGYS,2009-01-16,0.03
NASDAQ,AGYS,2008-10-09,0.03
NASDAQ,AGYS,2008-07-11,0.03
NASDAQ,AGYS,2008-04-11,0.03
NASDAQ,AGYS,2008-01-11,0.03
NASDAQ,AGYS,2007-10-10,0.03
NASDAQ,AGYS,2007-07-11,0.03
NASDAQ,AGYS,2007-04-11,0.03
NASDAQ,AGYS,2007-01-10,0.03
NASDAQ,AGYS,2006-10-11,0.03
NASDAQ,AGYS,2006-07-12,0.03
NASDAQ,AGYS,2006-04-11,0.03
NASDAQ,AGYS,2006-01-11,0.03
NASDAQ,AGYS,2005-10-12,0.03
NASDAQ,AGYS,2005-07-12,0.03
NASDAQ,AGYS,2005-04-15,0.03
NASDAQ,AGYS,2005-01-12,0.03
NASDAQ,AGYS,2004-10-12,0.03
NASDAQ,AGYS,2004-07-12,0.03
NASDAQ,AGYS,2004-04-05,0.03
NASDAQ,AGYS,2004-01-02,0.03
NASDAQ,AGYS,2003-10-02,0.03
NASDAQ,AGYS,2003-07-02,0.03
NASDAQ,AGYS,2003-04-03,0.03
NASDAQ,AGYS,2003-01-02,0.03
NASDAQ,AGYS,2002-10-02,0.03
NASDAQ,AGYS,2002-07-02,0.03
NASDAQ,AGYS,2002-04-03,0.03
NASDAQ,AGYS,2002-01-02,0.03
NASDAQ,AGYS,2001-10-03,0.03
NASDAQ,AGYS,2001-07-05,0.03
NASDAQ,AGYS,2001-04-03,0.03
NASDAQ,AGYS,2001-01-16,0.03
NASDAQ,AGYS,2000-10-05,0.03
NASDAQ,AGYS,2000-07-03,0.03
NASDAQ,AGYS,2000-04-03,0.03
NASDAQ,AGYS,2000-01-04,0.03
NASDAQ,AGYS,1999-10-04,0.03
NASDAQ,AGYS,1999-07-06,0.03
NASDAQ,AGYS,1999-04-06,0.03
NASDAQ,AGYS,1999-01-04,0.03
NASDAQ,AGYS,1998-10-05,0.03
NASDAQ,AGYS,1998-07-06,0.03
NASDAQ,AGYS,1998-04-06,0.03
NASDAQ,AGYS,1998-01-05,0.03
NASDAQ,AGYS,1997-10-06,0.03
NASDAQ,AGYS,1997-07-07,0.03
NASDAQ,AGYS,1997-04-07,0.03
NASDAQ,AGYS,1997-01-03,0.03
NASDAQ,AGYS,1996-10-07,0.03
NASDAQ,AGYS,1996-07-08,0.03
NASDAQ,AGYS,1996-04-08,0.03
NASDAQ,AGYS,1995-12-29,0.03
NASDAQ,AGYS,1995-10-02,0.03
NASDAQ,AGYS,1995-06-30,0.02333
NASDAQ,AGYS,1995-03-30,0.02333
NASDAQ,AGYS,1994-12-28,0.02
NASDAQ,AGYS,1994-09-29,0.02
NASDAQ,AGYS,1994-06-29,0.01555
NASDAQ,AGYS,1994-03-30,0.01555
NASDAQ,AGYS,1993-12-30,0.01555
NASDAQ,AGYS,1993-09-30,0.01555
NASDAQ,AGYS,1993-06-30,0.01333
NASDAQ,AGYS,1993-04-01,0.01333
NASDAQ,AGYS,1992-12-23,0.01333
NASDAQ,AGYS,1992-10-01,0.01185
NASDAQ,AGYS,1992-07-01,0.01185
NASDAQ,AGYS,1992-04-02,0.01185
NASDAQ,AGYS,1992-01-02,0.01185
NASDAQ,AGYS,1991-10-03,0.01185
NASDAQ,AGYS,1991-07-03,0.01185
NASDAQ,AGYS,1991-04-04,0.01185
NASDAQ,AGYS,1991-01-03,0.01185
NASDAQ,AGYS,1990-10-03,0.01185
NASDAQ,AGYS,1990-07-05,0.01037
NASDAQ,AGYS,1990-04-06,0.01037
NASDAQ,AMRB,2009-06-30,0.143
NASDAQ,AMRB,2009-04-01,0.143
NASDAQ,AMRB,2008-12-30,0.143
NASDAQ,AMRB,2008-09-29,0.14286
NASDAQ,AMRB,2008-07-01,0.14286
NASDAQ,AMRB,2008-04-02,0.14286
NASDAQ,AMRB,2007-12-31,0.14286
NASDAQ,AMRB,2007-09-24,0.13606
NASDAQ,AMRB,2007-06-25,0.13606
NASDAQ,AMRB,2007-03-28,0.13606
NASDAQ,AMRB,2007-01-04,0.13606
NASDAQ,AMRB,2007-01-03,0.13606
NASDAQ,AMRB,2006-10-04,0.12958
NASDAQ,AMRB,2006-06-30,0.12958
NASDAQ,AMRB,2006-03-27,0.12958
NASDAQ,AMRB,2006-01-04,0.12958
NASDAQ,AMRB,2005-10-05,0.12341
NASDAQ,AMRB,2005-06-29,0.10695
NASDAQ,AMRB,2005-03-30,0.10284
NASDAQ,AMRB,2005-01-12,0.0946
NASDAQ,AMRB,2005-01-05,0.0901
NASDAQ,AMRB,2004-09-29,0.0901
NASDAQ,AMRB,2004-06-30,0.0901
NASDAQ,AMRB,2004-03-31,0.0901
NASDAQ,AMRB,2003-12-30,0.11753
NASDAQ,AMRB,2003-07-09,0.11492
NASDAQ,AMRB,2003-01-08,0.10969
NASDAQ,AMRB,2002-07-09,0.07213
NASDAQ,AMRB,2002-01-09,0.06965
NASDAQ,AMRB,2001-07-10,0.06395
NASDAQ,AMRB,2001-01-12,0.06159
NASDAQ,AGNC,2009-12-29,1.4
NASDAQ,AGNC,2009-09-30,1.4
NASDAQ,AGNC,2009-06-30,1.5
NASDAQ,AGNC,2009-03-31,0.85
NASDAQ,AGNC,2008-12-29,1.2
NASDAQ,AGNC,2008-09-25,1.0
NASDAQ,AGNC,2008-06-30,0.31
NASDAQ,ACGY,2009-05-26,0.22
NASDAQ,ACGY,2008-05-27,0.21
NASDAQ,ACGY,2007-05-29,0.2
NASDAQ,AIRT,2009-06-03,0.33
NASDAQ,AIRT,2008-06-04,0.3
NASDAQ,AIRT,2007-06-06,0.25
NASDAQ,AIRT,2006-06-07,0.25
NASDAQ,AIRT,2005-06-08,0.25
NASDAQ,AIRT,2004-06-09,0.2
NASDAQ,AIRT,2003-06-03,0.0
NASDAQ,AIRT,2002-06-03,0.12
NASDAQ,AIRT,2001-05-24,0.15
NASDAQ,AIRT,2000-05-24,0.1
NASDAQ,AIRT,2000-05-12,0.08
NASDAQ,AIRT,1999-05-12,0.02
NASDAQ,AIRT,1998-05-13,0.035
NASDAQ,AIRT,1997-05-29,0.025
NASDAQ,AIRT,1996-03-29,0.06
NASDAQ,ANCX,2010-02-08,0.01
NASDAQ,ANCX,2009-11-02,0.01
NASDAQ,ANCX,2009-08-03,0.01
NASDAQ,ANCX,2009-05-04,0.01
NASDAQ,ANCX,2009-02-09,0.01
NASDAQ,ANCX,2008-11-03,0.01
NASDAQ,ANCX,2008-08-04,0.01
NASDAQ,ANCX,2008-05-05,0.01
NASDAQ,ANCX,2008-02-11,0.01
NASDAQ,ANCX,2007-11-05,0.01
NASDAQ,ANCX,2007-08-06,0.01
NASDAQ,ANCX,2007-04-30,0.01
NASDAQ,ANCX,2007-02-09,0.01
NASDAQ,ANCX,2006-10-27,0.005
NASDAQ,ANCX,2006-07-28,0.005
NASDAQ,ANCX,2006-04-28,0.005
NASDAQ,ANCX,2006-02-10,0.005
NASDAQ,AINV,2009-12-15,0.28
NASDAQ,AINV,2009-09-15,0.28
NASDAQ,AINV,2009-06-16,0.26
NASDAQ,AINV,2009-03-17,0.26
NASDAQ,AINV,2008-12-16,0.52
NASDAQ,AINV,2008-09-16,0.52
NASDAQ,AINV,2008-06-17,0.52
NASDAQ,AINV,2008-03-18,0.52
NASDAQ,AINV,2007-12-17,0.52
NASDAQ,AINV,2007-09-12,0.52
NASDAQ,AINV,2007-06-19,0.51
NASDAQ,AINV,2007-03-20,0.51
NASDAQ,AINV,2006-12-19,0.5
NASDAQ,AINV,2006-09-19,0.47
NASDAQ,AINV,2006-06-20,0.45
NASDAQ,AINV,2006-03-10,0.45
NASDAQ,AINV,2005-12-20,0.44
NASDAQ,AINV,2005-09-20,0.43
NASDAQ,AINV,2005-06-21,0.31
NASDAQ,AINV,2005-03-22,0.26
NASDAQ,AINV,2004-12-21,0.18
NASDAQ,AINV,2004-09-21,0.045
NASDAQ,ALCO,2009-10-28,0.138
NASDAQ,ALCO,2009-07-29,0.138
NASDAQ,ALCO,2009-04-28,0.138
NASDAQ,ALCO,2009-01-28,0.275
NASDAQ,ALCO,2008-10-29,0.275
NASDAQ,ALCO,2008-07-29,0.275
NASDAQ,ALCO,2008-04-28,0.275
NASDAQ,ALCO,2007-12-26,0.275
NASDAQ,ALCO,2007-09-26,0.275
NASDAQ,ALCO,2007-06-27,0.275
NASDAQ,ALCO,2007-03-28,0.275
NASDAQ,ALCO,2006-12-27,0.275
NASDAQ,ALCO,2006-09-27,0.275
NASDAQ,ALCO,2006-06-28,0.25
NASDAQ,ALCO,2006-03-29,0.25
NASDAQ,ALCO,2005-12-28,0.25
NASDAQ,ALCO,2005-09-28,0.25
NASDAQ,ALCO,2005-06-28,1.0
NASDAQ,ALCO,2003-10-15,0.6
NASDAQ,ALCO,2002-10-09,0.35
NASDAQ,ALCO,2001-10-10,1.0
NASDAQ,ALCO,2000-10-11,1.0
NASDAQ,ALCO,1999-10-14,0.3
NASDAQ,ALCO,1998-10-15,0.125
NASDAQ,ALCO,1997-10-16,0.038
NASDAQ,ALCO,1996-10-23,0.038
NASDAQ,ALCO,1995-10-18,0.038
NASDAQ,ALCO,1994-10-17,0.038
NASDAQ,ALCO,1993-10-18,0.037
NASDAQ,ALCO,1992-10-19,0.037
NASDAQ,ALCO,1991-10-21,0.037
NASDAQ,ALCO,1990-10-22,0.037
NASDAQ,APSG,2010-01-27,0.125
NASDAQ,APSG,2009-10-28,0.125
NASDAQ,APSG,2009-07-29,0.125
NASDAQ,APSG,2009-04-29,0.125
NASDAQ,APSG,2009-01-28,0.125
NASDAQ,APSG,2008-10-29,0.125
NASDAQ,APSG,2008-07-30,0.125
NASDAQ,APSG,2008-04-30,0.125
NASDAQ,APSG,2008-01-30,0.125
NASDAQ,APSG,2007-10-29,0.125
NASDAQ,APSG,2007-08-01,0.125
NASDAQ,APSG,2007-05-02,0.125
NASDAQ,APSG,2007-01-31,0.125
NASDAQ,APSG,2006-10-27,0.125
NASDAQ,APSG,2006-07-26,0.125
NASDAQ,APSG,2006-04-26,0.125
NASDAQ,APSG,2006-01-25,0.125
NASDAQ,APSG,2005-10-27,0.125
NASDAQ,APSG,2005-07-27,0.125
NASDAQ,APSG,2005-04-27,0.125
NASDAQ,APSG,2005-01-26,0.125
NASDAQ,APSG,2004-10-27,0.125
NASDAQ,APSG,2004-07-28,0.125
NASDAQ,APSG,2004-04-28,0.125
NASDAQ,APSG,2004-01-28,0.125
NASDAQ,APSG,2003-10-29,0.063
NASDAQ,APSG,2003-07-30,0.063
NASDAQ,APSG,2003-04-30,0.063
NASDAQ,APSG,2001-04-25,0.063
NASDAQ,APSG,2001-01-24,0.063
NASDAQ,APSG,2000-10-27,0.063
NASDAQ,APSG,2000-07-27,0.063
NASDAQ,APSG,2000-04-26,0.063
NASDAQ,APSG,2000-01-26,0.063
NASDAQ,APSG,1999-10-27,0.063
NASDAQ,ASFI,2009-12-29,0.02
NASDAQ,ASFI,2009-09-23,0.02
NASDAQ,ASFI,2009-06-24,0.02
NASDAQ,ASFI,2009-03-25,0.02
NASDAQ,ASFI,2008-12-24,0.02
NASDAQ,ASFI,2008-09-24,0.04
NASDAQ,ASFI,2008-06-25,0.04
NASDAQ,ASFI,2008-03-26,0.04
NASDAQ,ASFI,2008-02-07,0.04
NASDAQ,ASFI,2007-09-26,0.04
NASDAQ,ASFI,2007-06-27,0.04
NASDAQ,ASFI,2007-03-28,0.04
NASDAQ,ASFI,2006-12-27,0.04
NASDAQ,ASFI,2006-09-27,0.44
NASDAQ,ASFI,2006-06-28,0.04
NASDAQ,ASFI,2006-03-29,0.04
NASDAQ,ASFI,2005-12-28,0.04
NASDAQ,ASFI,2005-09-28,0.035
NASDAQ,ASFI,2005-06-28,0.035
NASDAQ,ASFI,2005-03-29,0.035
NASDAQ,ASFI,2004-12-28,0.035
NASDAQ,ASFI,2004-09-28,0.035
NASDAQ,ASFI,2004-06-28,0.03
NASDAQ,ASFI,2004-03-29,0.03
NASDAQ,ASFI,2003-12-29,0.025
NASDAQ,ASFI,2003-09-26,0.025
NASDAQ,ASBC,2010-02-04,0.01
NASDAQ,ASBC,2009-11-04,0.05
NASDAQ,ASBC,2009-08-04,0.05
NASDAQ,ASBC,2009-05-05,0.05
NASDAQ,ASBC,2009-02-04,0.32
NASDAQ,ASBC,2008-11-05,0.32
NASDAQ,ASBC,2008-08-05,0.32
NASDAQ,ASBC,2008-05-05,0.32
NASDAQ,ASBC,2008-02-05,0.31
NASDAQ,ASBC,2007-11-02,0.31
NASDAQ,ASBC,2007-08-03,0.31
NASDAQ,ASBC,2007-05-03,0.31
NASDAQ,ASBC,2007-02-02,0.29
NASDAQ,ASBC,2006-11-02,0.29
NASDAQ,ASBC,2006-08-04,0.29
NASDAQ,ASBC,2006-05-04,0.29
NASDAQ,ASBC,2006-02-02,0.27
NASDAQ,ASBC,2005-11-03,0.27
NASDAQ,ASBC,2005-08-04,0.27
NASDAQ,ASBC,2005-05-05,0.27
NASDAQ,ASBC,2005-02-03,0.25
NASDAQ,ASBC,2004-11-04,0.25
NASDAQ,ASBC,2004-08-04,0.25
NASDAQ,ASBC,2004-05-14,0.25
NASDAQ,ASBC,2004-01-30,0.22667
NASDAQ,ASBC,2003-10-30,0.22667
NASDAQ,ASBC,2003-07-30,0.22667
NASDAQ,ASBC,2003-04-29,0.22667
NASDAQ,ASBC,2003-01-30,0.20667
NASDAQ,ASBC,2002-10-30,0.20667
NASDAQ,ASBC,2002-07-30,0.20667
NASDAQ,ASBC,2002-05-01,0.20667
NASDAQ,ASBC,2002-01-30,0.18788
NASDAQ,ASBC,2001-10-30,0.18788
NASDAQ,ASBC,2001-07-30,0.18788
NASDAQ,ASBC,2001-04-27,0.18788
NASDAQ,ASBC,2001-01-30,0.17576
NASDAQ,ASBC,2000-10-30,0.17576
NASDAQ,ASBC,2000-07-28,0.17576
NASDAQ,ASBC,2000-04-27,0.15978
NASDAQ,ASBC,2000-01-28,0.15978
NASDAQ,ASBC,1999-10-29,0.15978
NASDAQ,ASBC,1999-07-29,0.15978
NASDAQ,ASBC,1999-04-30,0.15978
NASDAQ,ASBC,1999-02-03,0.15978
NASDAQ,ASBC,1998-11-04,0.15978
NASDAQ,ASBC,1998-07-31,0.15978
NASDAQ,ASBC,1998-05-01,0.12783
NASDAQ,ASBC,1998-02-04,0.12783
NASDAQ,ASBC,1997-10-31,0.12783
NASDAQ,ASBC,1997-08-01,0.12783
NASDAQ,ASBC,1997-05-02,0.12783
NASDAQ,ASBC,1997-01-31,0.10652
NASDAQ,ASBC,1996-10-31,0.10652
NASDAQ,ASBC,1996-08-01,0.10652
NASDAQ,ASBC,1996-05-02,0.10652
NASDAQ,ASBC,1996-02-01,0.09917
NASDAQ,ASBC,1995-11-02,0.09917
NASDAQ,ASBC,1995-08-03,0.09917
NASDAQ,ASBC,1995-05-02,0.07934
NASDAQ,ASBC,1995-01-31,0.07934
NASDAQ,ASBC,1994-11-01,0.07934
NASDAQ,ASBC,1994-08-02,0.07934
NASDAQ,ASBC,1994-05-02,0.07934
NASDAQ,ASBC,1994-02-01,0.07347
NASDAQ,ASBC,1993-11-02,0.07347
NASDAQ,ASBC,1993-04-30,0.06679
NASDAQ,ASBC,1993-02-02,0.06679
NASDAQ,ASBC,1992-10-28,0.05877
NASDAQ,ASBC,1992-07-29,0.05877
NASDAQ,ASBC,1992-04-29,0.05343
NASDAQ,ASBC,1992-01-29,0.05343
NASDAQ,ASBC,1991-10-31,0.05343
NASDAQ,ASBC,1991-07-31,0.05343
NASDAQ,ASBC,1991-05-01,0.05343
NASDAQ,ASBC,1991-01-30,0.04809
NASDAQ,ASBC,1990-11-01,0.04809
NASDAQ,ASBC,1990-07-31,0.04809
NASDAQ,ASBC,1990-05-01,0.04371
NASDAQ,ASBC,1990-01-30,0.04371
NASDAQ,ASBC,1989-10-30,0.04371
NASDAQ,ASBC,1989-08-01,0.03885
NASDAQ,ASBC,1989-04-28,0.03885
NASDAQ,ASBC,1989-01-31,0.03399
NASDAQ,ASBC,1988-11-01,0.03399
NASDAQ,ASBC,1988-08-02,0.03399
NASDAQ,ASBC,1988-05-03,0.03399
NASDAQ,ASBC,1988-02-02,0.02915
NASDAQ,ASBC,1987-11-02,0.02915
NASDAQ,ASBC,1987-08-03,0.02915
NASDAQ,ASBC,1987-05-04,0.02649
NASDAQ,ASBC,1987-02-02,0.02649
NASDAQ,ASBC,1986-11-17,0.02649
NASDAQ,ASBC,1986-08-06,0.02649
NASDAQ,ASBC,1986-05-02,0.02649
NASDAQ,ASBC,1986-02-06,0.02429
NASDAQ,ADSK,2005-03-22,0.015
NASDAQ,ADSK,2004-12-22,0.015
NASDAQ,ADSK,2004-09-22,0.015
NASDAQ,ADSK,2004-06-30,0.015
NASDAQ,ADSK,2004-03-31,0.015
NASDAQ,ADSK,2003-12-30,0.015
NASDAQ,ADSK,2003-10-01,0.015
NASDAQ,ADSK,2003-07-09,0.015
NASDAQ,ADSK,2003-04-02,0.015
NASDAQ,ADSK,2002-12-31,0.015
NASDAQ,ADSK,2002-10-02,0.015
NASDAQ,ADSK,2002-07-02,0.015
NASDAQ,ADSK,2002-04-02,0.015
NASDAQ,ADSK,2002-01-02,0.015
NASDAQ,ADSK,2001-10-03,0.015
NASDAQ,ADSK,2001-07-03,0.015
NASDAQ,ADSK,2001-04-04,0.015
NASDAQ,ADSK,2001-01-03,0.015
NASDAQ,ADSK,2000-10-04,0.015
NASDAQ,ADSK,2000-07-05,0.015
NASDAQ,ADSK,2000-04-05,0.015
NASDAQ,ADSK,2000-01-10,0.015
NASDAQ,ADSK,1999-10-06,0.015
NASDAQ,ADSK,1999-07-07,0.015
NASDAQ,ADSK,1999-04-07,0.015
NASDAQ,ADSK,1999-01-06,0.015
NASDAQ,ADSK,1998-10-07,0.015
NASDAQ,ADSK,1998-07-08,0.015
NASDAQ,ADSK,1998-04-07,0.015
NASDAQ,ADSK,1998-01-07,0.015
NASDAQ,ADSK,1997-10-08,0.015
NASDAQ,ADSK,1997-07-09,0.015
NASDAQ,ADSK,1997-04-09,0.015
NASDAQ,ADSK,1997-01-08,0.015
NASDAQ,ADSK,1996-10-09,0.015
NASDAQ,ADSK,1996-07-10,0.015
NASDAQ,ADSK,1996-04-10,0.015
NASDAQ,ADSK,1996-01-10,0.015
NASDAQ,ADSK,1995-10-11,0.015
NASDAQ,ADSK,1995-07-05,0.015
NASDAQ,ADSK,1995-04-03,0.015
NASDAQ,ADSK,1995-01-09,0.015
NASDAQ,ADSK,1994-09-13,0.015
NASDAQ,ADSK,1994-07-01,0.015
NASDAQ,ADSK,1994-04-04,0.015
NASDAQ,ADSK,1994-01-10,0.015
NASDAQ,ADSK,1993-09-20,0.015
NASDAQ,ADSK,1993-06-21,0.015
NASDAQ,ADSK,1993-04-02,0.015
NASDAQ,ADSK,1993-01-11,0.015
NASDAQ,ADSK,1992-09-11,0.015
NASDAQ,ADSK,1992-06-22,0.015
NASDAQ,ADSK,1992-03-27,0.015
NASDAQ,ADSK,1991-12-30,0.015
NASDAQ,ADSK,1991-09-12,0.015
NASDAQ,ADSK,1991-06-11,0.015
NASDAQ,ADSK,1991-03-26,0.0125
NASDAQ,ADSK,1990-12-14,0.0125
NASDAQ,ADSK,1989-12-19,0.0125
NASDAQ,ADSK,1989-07-14,0.0125
NASDAQ,ACAP,2009-12-09,0.09
NASDAQ,ACAP,2009-09-09,0.083
NASDAQ,ACAP,2009-06-10,0.0825
NASDAQ,ACAP,2009-03-11,0.0825
NASDAQ,ACAP,2008-12-10,0.075
NASDAQ,ACAP,2008-09-10,0.075
NASDAQ,ACAP,2008-06-11,0.075
NASDAQ,ACAP,2008-03-12,0.075
NASDAQ,ACAP,2007-12-11,0.075
NASDAQ,ACAP,2007-09-10,0.075
NASDAQ,AROW,2009-12-01,0.25
NASDAQ,AROW,2009-09-01,0.24272
NASDAQ,AROW,2009-06-01,0.24272
NASDAQ,AROW,2009-02-27,0.24272
NASDAQ,AROW,2008-12-01,0.24272
NASDAQ,AROW,2008-09-02,0.24272
NASDAQ,AROW,2008-05-29,0.23301
NASDAQ,AROW,2008-02-28,0.23301
NASDAQ,AROW,2007-11-30,0.23301
NASDAQ,AROW,2007-08-30,0.22622
NASDAQ,AROW,2007-06-01,0.22622
NASDAQ,AROW,2007-02-27,0.22622
NASDAQ,AROW,2006-12-01,0.22622
NASDAQ,AROW,2006-08-31,0.21963
NASDAQ,AROW,2006-06-01,0.21963
NASDAQ,AROW,2006-02-28,0.21963
NASDAQ,AROW,2005-12-05,0.21963
NASDAQ,AROW,2005-09-02,0.21323
NASDAQ,AROW,2005-06-03,0.20436
NASDAQ,AROW,2005-02-24,0.20436
NASDAQ,AROW,2004-11-26,0.20436
NASDAQ,AROW,2004-08-27,0.19841
NASDAQ,AROW,2004-05-26,0.19841
NASDAQ,AROW,2004-02-25,0.18978
NASDAQ,AROW,2003-11-25,0.18978
NASDAQ,AROW,2003-08-27,0.17943
NASDAQ,AROW,2003-05-28,0.17943
NASDAQ,AROW,2003-02-26,0.17251
NASDAQ,AROW,2002-11-26,0.17251
NASDAQ,AROW,2002-08-28,0.1643
NASDAQ,AROW,2002-05-29,0.1643
NASDAQ,AROW,2002-02-27,0.15117
NASDAQ,AROW,2001-11-28,0.15117
NASDAQ,AROW,2001-08-29,0.14397
NASDAQ,AROW,2001-05-30,0.14397
NASDAQ,AROW,2001-02-27,0.13145
NASDAQ,AROW,2000-11-29,0.13145
NASDAQ,AROW,2000-08-30,0.12519
NASDAQ,AROW,2000-05-30,0.12519
NASDAQ,AROW,2000-02-28,0.11892
NASDAQ,AROW,1999-11-26,0.11892
NASDAQ,AROW,1999-08-30,0.11517
NASDAQ,AROW,1999-05-27,0.10416
NASDAQ,AROW,1999-02-25,0.10416
NASDAQ,AROW,1998-11-25,0.10416
NASDAQ,AROW,1998-08-27,0.10515
NASDAQ,AROW,1998-07-30,0.10416
NASDAQ,AROW,1998-05-28,0.0956
NASDAQ,AROW,1998-02-25,0.0956
NASDAQ,AROW,1997-11-26,0.0956
NASDAQ,AROW,1997-08-28,0.08671
NASDAQ,AROW,1997-05-29,0.08671
NASDAQ,AROW,1997-02-26,0.08671
NASDAQ,AROW,1996-11-27,0.08671
NASDAQ,AROW,1996-08-29,0.06701
NASDAQ,AROW,1996-05-29,0.06701
NASDAQ,AROW,1996-02-28,0.06701
NASDAQ,AROW,1995-11-29,0.06305
NASDAQ,AROW,1995-08-30,0.05912
NASDAQ,AROW,1995-05-25,0.05517
NASDAQ,AROW,1995-02-23,0.05124
NASDAQ,AROW,1994-11-25,0.01774
NASDAQ,AROW,1994-10-05,0.01774
NASDAQ,AROW,1994-08-26,0.01892
NASDAQ,AROW,1994-05-25,0.01892
NASDAQ,AROW,1994-02-23,0.01852
NASDAQ,AROW,1993-11-24,0.01852
NASDAQ,AROW,1993-09-07,0.01969
NASDAQ,AROW,1992-11-09,0.03745
NASDAQ,AROW,1991-08-09,0.03823
NASDAQ,AROW,1991-05-01,0.03942
NASDAQ,AROW,1991-02-01,0.07093
NASDAQ,AROW,1990-11-01,0.07093
NASDAQ,AROW,1990-07-26,0.07093
NASDAQ,ACCL,2004-05-03,4.95
NASDAQ,ARLP,2010-02-03,0.775
NASDAQ,ARLP,2009-11-04,0.76
NASDAQ,ARLP,2009-08-05,0.745
NASDAQ,ARLP,2009-05-06,0.73
NASDAQ,ARLP,2009-02-04,0.715
NASDAQ,ARLP,2008-11-05,0.7
NASDAQ,ARLP,2008-08-05,0.66
NASDAQ,ARLP,2008-05-06,0.585
NASDAQ,ARLP,2008-02-05,0.585
NASDAQ,ARLP,2007-11-05,0.56
NASDAQ,ARLP,2007-08-03,0.56
NASDAQ,ARLP,2007-05-04,0.54
NASDAQ,ARLP,2007-02-05,0.54
NASDAQ,ARLP,2006-11-02,0.5
NASDAQ,ARLP,2006-08-03,0.5
NASDAQ,ARLP,2006-05-04,0.46
NASDAQ,ARLP,2006-02-02,0.46
NASDAQ,ARLP,2005-11-02,0.413
NASDAQ,ARLP,2005-08-03,0.4125
NASDAQ,ARLP,2005-05-04,0.375
NASDAQ,ARLP,2005-02-03,0.375
NASDAQ,ARLP,2004-10-28,0.325
NASDAQ,ARLP,2004-07-29,0.325
NASDAQ,ARLP,2004-04-29,0.3125
NASDAQ,ARLP,2004-02-03,0.2815
NASDAQ,ARLP,2003-10-30,0.2625
NASDAQ,ARLP,2003-08-01,0.2625
NASDAQ,ARLP,2003-05-01,0.2625
NASDAQ,ARLP,2003-01-30,0.2625
NASDAQ,ARLP,2002-10-30,0.25
NASDAQ,ARLP,2002-07-30,0.25
NASDAQ,ARLP,2002-05-01,0.25
NASDAQ,ARLP,2002-01-31,0.25
NASDAQ,ARLP,2001-10-31,0.25
NASDAQ,ARLP,2001-08-01,0.25
NASDAQ,ARLP,2001-05-02,0.25
NASDAQ,ARLP,2001-01-29,0.25
NASDAQ,ARLP,2000-10-31,0.25
NASDAQ,ARLP,2000-07-27,0.25
NASDAQ,ARLP,2000-04-27,0.25
NASDAQ,ARLP,2000-02-03,0.25
NASDAQ,ARLP,1999-10-27,0.115
NASDAQ,AACC,2007-07-17,2.45
NASDAQ,AWBC,2008-02-08,0.04
NASDAQ,AWBC,2007-11-08,0.04
NASDAQ,AWBC,2007-08-10,0.04
NASDAQ,AWBC,2007-05-10,0.04
NASDAQ,AWBC,2007-02-09,0.03
NASDAQ,AWBC,2006-11-01,0.03
NASDAQ,AWBC,2006-08-02,0.03
NASDAQ,AWBC,2006-05-03,0.03
NASDAQ,ACFC,2009-07-08,0.01
NASDAQ,ACFC,2009-04-07,0.01
NASDAQ,ACFC,2009-01-07,0.09
NASDAQ,ACFC,2008-10-08,0.11
NASDAQ,ACFC,2008-07-09,0.12
NASDAQ,ACFC,2008-04-09,0.15
NASDAQ,ACFC,2008-01-09,0.15
NASDAQ,ACFC,2007-10-10,0.15
NASDAQ,ACFC,2007-07-11,0.14
NASDAQ,ACFC,2007-04-11,0.13
NASDAQ,ACFC,2007-01-10,0.12
NASDAQ,ACFC,2006-10-11,0.11
NASDAQ,ACFC,2006-07-12,0.1
NASDAQ,ACFC,2006-04-11,0.09
NASDAQ,ACFC,2006-01-11,0.08
NASDAQ,ACFC,2005-10-12,0.07
NASDAQ,ACFC,2005-07-13,0.06
NASDAQ,ACFC,2005-04-13,0.05
NASDAQ,ACAT,2008-11-12,0.07
NASDAQ,ACAT,2008-08-20,0.07
NASDAQ,ACAT,2008-05-15,0.07
NASDAQ,ACAT,2008-02-12,0.07
NASDAQ,ACAT,2007-11-07,0.07
NASDAQ,ACAT,2007-08-22,0.07
NASDAQ,ACAT,2007-05-17,0.07
NASDAQ,ACAT,2007-02-12,0.07
NASDAQ,ACAT,2006-11-08,0.07
NASDAQ,ACAT,2006-08-15,0.07
NASDAQ,ACAT,2006-05-18,0.07
NASDAQ,ACAT,2006-02-10,0.07
NASDAQ,ACAT,2005-11-08,0.07
NASDAQ,ACAT,2005-08-16,0.07
NASDAQ,ACAT,2005-05-17,0.07
NASDAQ,ACAT,2005-02-10,0.07
NASDAQ,ACAT,2004-11-08,0.07
NASDAQ,ACAT,2004-08-16,0.07
NASDAQ,ACAT,2004-05-10,0.07
NASDAQ,ACAT,2004-02-10,0.07
NASDAQ,ACAT,2003-11-06,0.07
NASDAQ,ACAT,2003-08-14,0.06
NASDAQ,ACAT,2003-05-12,0.06
NASDAQ,ACAT,2003-02-11,0.06
NASDAQ,ACAT,2002-11-13,0.06
NASDAQ,ACAT,2002-08-14,0.06
NASDAQ,ACAT,2002-05-10,0.06
NASDAQ,ACAT,2002-02-11,0.06
NASDAQ,ACAT,2001-11-14,0.06
NASDAQ,ACAT,2001-08-15,0.06
NASDAQ,ACAT,2001-05-25,0.06
NASDAQ,ACAT,2001-02-14,0.06
NASDAQ,ACAT,2000-11-15,0.06
NASDAQ,ACAT,2000-08-16,0.06
NASDAQ,ACAT,2000-05-11,0.06
NASDAQ,ACAT,2000-02-15,0.06
NASDAQ,ACAT,1999-11-15,0.06
NASDAQ,ACAT,1999-08-16,0.06
NASDAQ,ACAT,1999-05-12,0.06
NASDAQ,ACAT,1999-02-12,0.06
NASDAQ,ACAT,1998-11-13,0.06
NASDAQ,ACAT,1998-08-13,0.06
NASDAQ,ACAT,1998-05-13,0.06
NASDAQ,ACAT,1998-02-12,0.06
NASDAQ,ACAT,1997-11-13,0.06
NASDAQ,ACAT,1997-08-18,0.06
NASDAQ,ACAT,1997-05-14,0.06
NASDAQ,ACAT,1997-02-12,0.06
NASDAQ,ACAT,1996-11-14,0.06
NASDAQ,ACAT,1996-08-21,0.06
NASDAQ,ACAT,1996-05-15,0.06
NASDAQ,ACAT,1996-02-14,0.06
NASDAQ,ACAT,1995-11-15,0.06
NASDAQ,ACAT,1995-08-15,0.06
NASDAQ,ACAT,1995-05-23,0.06
NASDAQ,ACAT,1995-02-13,0.06
NASDAQ,ACAT,1994-11-10,0.048
NASDAQ,ACAT,1994-08-12,0.04667
NASDAQ,ACAT,1994-05-10,0.04667
NASDAQ,ACAT,1994-02-11,0.04667
NASDAQ,ACAT,1993-11-10,0.03467
NASDAQ,ACAT,1993-08-11,0.03467
NASDAQ,ACAT,1993-05-10,0.03467
NASDAQ,ACAT,1993-02-10,0.03555
NASDAQ,ACAT,1992-11-10,0.02667
NASDAQ,ACAT,1992-08-11,0.02667
NASDAQ,ACAT,1992-05-11,0.02667
NASDAQ,ASCA,2009-11-27,0.105
NASDAQ,ASCA,2009-09-22,0.105
NASDAQ,ASCA,2009-07-15,0.105
NASDAQ,ASCA,2009-05-07,0.105
NASDAQ,ASCA,2008-09-29,0.105
NASDAQ,ASCA,2008-06-19,0.105
NASDAQ,ASCA,2008-02-27,0.105
NASDAQ,ASCA,2007-11-28,0.103
NASDAQ,ASCA,2007-08-29,0.103
NASDAQ,ASCA,2007-05-30,0.103
NASDAQ,ASCA,2007-02-27,0.103
NASDAQ,ASCA,2006-11-28,0.094
NASDAQ,ASCA,2006-08-28,0.094
NASDAQ,ASCA,2006-05-25,0.094
NASDAQ,ASCA,2006-02-27,0.094
NASDAQ,ASCA,2005-11-28,0.078
NASDAQ,ASCA,2005-08-30,0.078
NASDAQ,ASCA,2005-06-02,0.078
NASDAQ,ASCA,2005-02-25,0.078
NASDAQ,ASCA,2004-11-26,0.0625
NASDAQ,ASCA,2004-08-27,0.0625
NASDAQ,ASCA,2004-06-14,0.0625
NASDAQ,ASCA,2004-04-12,0.0625
NASDAQ,ALNC,2009-12-17,0.28
NASDAQ,ALNC,2009-09-15,0.28
NASDAQ,ALNC,2009-06-24,0.26
NASDAQ,ALNC,2009-03-24,0.26
NASDAQ,ALNC,2008-12-23,0.26
NASDAQ,ALNC,2008-09-24,0.26
NASDAQ,ALNC,2008-06-24,0.24
NASDAQ,ALNC,2008-03-24,0.24
NASDAQ,ALNC,2007-12-21,0.24
NASDAQ,ALNC,2007-09-24,0.22
NASDAQ,ALNC,2007-06-22,0.22
NASDAQ,ALNC,2007-03-22,0.22
NASDAQ,ALNC,2006-12-21,0.22
NASDAQ,ALNC,2006-09-22,0.22
NASDAQ,ALNC,2006-06-22,0.22
NASDAQ,ALNC,2006-03-23,0.22
NASDAQ,ALNC,2005-12-22,0.21
NASDAQ,ALNC,2005-09-22,0.21
NASDAQ,ALNC,2005-06-23,0.21
NASDAQ,ALNC,2005-03-23,0.21
NASDAQ,ALNC,2004-12-22,0.21
NASDAQ,ALNC,2004-09-23,0.21
NASDAQ,ALNC,2004-06-24,0.21
NASDAQ,ALNC,2004-03-25,0.21
NASDAQ,ALNC,2003-12-24,0.21
NASDAQ,ALNC,2003-09-25,0.21
NASDAQ,ALNC,2003-06-23,0.21
NASDAQ,ALNC,2003-03-24,0.21
NASDAQ,ALNC,2002-12-24,0.2
NASDAQ,ALNC,2002-09-25,0.2
NASDAQ,ALNC,2002-06-25,0.2
NASDAQ,ALNC,2002-03-26,0.19
NASDAQ,ALNC,2001-12-26,0.29
NASDAQ,ALNC,2001-09-28,0.185
NASDAQ,ALNC,2001-06-28,0.185
NASDAQ,ALNC,2001-03-29,0.185
NASDAQ,ALNC,2000-12-28,0.185
NASDAQ,ALNC,2000-09-28,0.175
NASDAQ,ALNC,2000-06-29,0.175
NASDAQ,ALNC,2000-03-29,0.16667
NASDAQ,ALNC,1999-12-29,0.16667
NASDAQ,ALNC,1999-09-29,0.16667
NASDAQ,ALNC,1999-06-29,0.16762
NASDAQ,APOG,2010-02-05,0.082
NASDAQ,APOG,2009-10-23,0.082
NASDAQ,APOG,2009-07-10,0.082
NASDAQ,APOG,2009-05-15,0.082
NASDAQ,APOG,2009-02-06,0.082
NASDAQ,APOG,2008-10-24,0.082
NASDAQ,APOG,2008-07-11,0.074
NASDAQ,APOG,2008-05-16,0.074
NASDAQ,APOG,2008-02-08,0.074
NASDAQ,APOG,2007-10-26,0.074
NASDAQ,APOG,2007-07-13,0.068
NASDAQ,APOG,2007-05-18,0.068
NASDAQ,APOG,2007-02-09,0.068
NASDAQ,APOG,2006-10-27,0.068
NASDAQ,APOG,2006-07-14,0.065
NASDAQ,APOG,2006-05-12,0.065
NASDAQ,APOG,2006-02-09,0.065
NASDAQ,APOG,2005-11-03,0.065
NASDAQ,APOG,2005-07-07,0.063
NASDAQ,APOG,2005-04-28,0.063
NASDAQ,APOG,2005-02-10,0.063
NASDAQ,APOG,2004-10-25,0.063
NASDAQ,APOG,2004-08-05,0.06
NASDAQ,APOG,2004-05-03,0.06
NASDAQ,APOG,2004-01-30,0.06
NASDAQ,APOG,2003-10-27,0.06
NASDAQ,APOG,2003-08-07,0.058
NASDAQ,APOG,2003-04-25,0.058
NASDAQ,APOG,2003-01-30,0.058
NASDAQ,APOG,2002-10-24,0.058
NASDAQ,APOG,2002-08-08,0.055
NASDAQ,APOG,2002-04-25,0.055
NASDAQ,APOG,2002-01-31,0.055
NASDAQ,APOG,2001-10-25,0.055
NASDAQ,APOG,2001-08-09,0.053
NASDAQ,APOG,2001-04-26,0.053
NASDAQ,APOG,2001-02-01,0.053
NASDAQ,APOG,2000-10-26,0.053
NASDAQ,APOG,2000-08-10,0.053
NASDAQ,APOG,2000-04-27,0.053
NASDAQ,APOG,2000-01-27,0.053
NASDAQ,APOG,1999-10-21,0.053
NASDAQ,APOG,1999-08-12,0.053
NASDAQ,APOG,1999-04-29,0.052
NASDAQ,APOG,1999-01-22,0.052
NASDAQ,APOG,1998-10-23,0.052
NASDAQ,APOG,1998-08-07,0.05
NASDAQ,APOG,1998-05-01,0.05
NASDAQ,APOG,1998-01-23,0.05
NASDAQ,APOG,1997-10-24,0.05
NASDAQ,APOG,1997-08-08,0.045
NASDAQ,APOG,1997-05-02,0.045
NASDAQ,APOG,1997-01-24,0.045
NASDAQ,APOG,1996-10-25,0.045
NASDAQ,APOG,1996-08-09,0.0425
NASDAQ,APOG,1996-05-03,0.0425
NASDAQ,APOG,1996-01-26,0.0425
NASDAQ,APOG,1995-10-27,0.0425
NASDAQ,APOG,1995-08-11,0.04
NASDAQ,APOG,1995-05-03,0.04
NASDAQ,APOG,1995-01-25,0.04
NASDAQ,APOG,1994-10-26,0.04
NASDAQ,APOG,1994-08-10,0.0375
NASDAQ,APOG,1994-05-04,0.0375
NASDAQ,APOG,1994-01-26,0.0375
NASDAQ,APOG,1993-10-27,0.0375
NASDAQ,APOG,1993-08-03,0.035
NASDAQ,APOG,1993-05-04,0.035
NASDAQ,APOG,1993-01-26,0.035
NASDAQ,APOG,1992-10-27,0.035
NASDAQ,APOG,1992-08-04,0.0325
NASDAQ,APOG,1992-05-05,0.0325
NASDAQ,APOG,1992-01-28,0.0325
NASDAQ,APOG,1991-10-29,0.0325
NASDAQ,APOG,1991-08-06,0.0325
NASDAQ,APOG,1991-05-07,0.0325
NASDAQ,APOG,1991-01-30,0.03
NASDAQ,APOG,1990-10-31,0.03
NASDAQ,APOG,1990-08-08,0.03
NASDAQ,APOG,1990-05-02,0.03
NASDAQ,APOG,1990-01-29,0.025
NASDAQ,APOG,1989-08-07,0.025
NASDAQ,APOG,1989-05-01,0.025
NASDAQ,APOG,1989-01-30,0.02
NASDAQ,APOG,1988-10-31,0.02
NASDAQ,APOG,1988-08-08,0.02
NASDAQ,APOG,1988-05-09,0.02
NASDAQ,APOG,1988-02-03,0.015
NASDAQ,APOG,1987-11-04,0.015
NASDAQ,ABFS,2010-02-05,0.03
NASDAQ,ABFS,2009-10-30,0.15
NASDAQ,ABFS,2009-08-05,0.15
NASDAQ,ABFS,2009-05-01,0.15
NASDAQ,ABFS,2009-02-09,0.15
NASDAQ,ABFS,2008-10-31,0.15
NASDAQ,ABFS,2008-08-01,0.15
NASDAQ,ABFS,2008-05-02,0.15
NASDAQ,ABFS,2008-02-05,0.15
NASDAQ,ABFS,2007-10-30,0.15
NASDAQ,ABFS,2007-08-03,0.15
NASDAQ,ABFS,2007-05-04,0.15
NASDAQ,ABFS,2007-02-02,0.15
NASDAQ,ABFS,2006-11-01,0.15
NASDAQ,ABFS,2006-07-28,0.15
NASDAQ,ABFS,2006-04-28,0.15
NASDAQ,ABFS,2006-02-06,0.15
NASDAQ,ABFS,2005-11-07,0.15
NASDAQ,ABFS,2005-08-09,0.15
NASDAQ,ABFS,2005-05-02,0.12
NASDAQ,ABFS,2005-02-07,0.12
NASDAQ,ABFS,2004-11-01,0.12
NASDAQ,ABFS,2004-08-03,0.12
NASDAQ,ABFS,2004-05-07,0.12
NASDAQ,ABFS,2004-02-09,0.12
NASDAQ,ABFS,2003-11-03,0.08
NASDAQ,ABFS,2003-08-04,0.08
NASDAQ,ABFS,2003-05-05,0.08
NASDAQ,ABFS,2003-02-03,0.08
NASDAQ,ABFS,2000-02-03,0.01
NASDAQ,ABFS,1999-02-03,0.01
NASDAQ,ABFS,1998-02-12,0.01
NASDAQ,ABFS,1997-02-12,0.01
NASDAQ,ABFS,1996-02-12,0.01
NASDAQ,ABFS,1995-11-06,0.01
NASDAQ,ABFS,1995-08-02,0.01
NASDAQ,ABFS,1995-05-16,0.01
NASDAQ,ABFS,1995-02-08,0.01
NASDAQ,ABFS,1994-10-31,0.01
NASDAQ,ABFS,1994-07-21,0.01
NASDAQ,ABFS,1994-05-18,0.01
NASDAQ,ABFS,1994-01-31,0.01
NASDAQ,ABFS,1993-10-28,0.01
NASDAQ,ABFS,1993-07-29,0.01
NASDAQ,ABFS,1993-05-13,0.01
NASDAQ,ABFS,1993-01-27,0.01
NASDAQ,ABFS,1992-10-29,0.01
NASDAQ,ABFS,1992-07-30,0.01
NASDAQ,ARBX,2008-03-10,0.4
NASDAQ,ARTW,2009-11-12,0.06
NASDAQ,ARTW,2008-11-12,0.06
NASDAQ,ARTW,2007-11-13,0.05
NASDAQ,ARTW,2006-11-13,0.025
NASDAQ,ARTW,2005-11-10,0.025
NASDAQ,ARTW,1992-01-28,0.05
NASDAQ,ARTW,1991-05-02,0.05
NASDAQ,ARTW,1991-02-05,0.05
NASDAQ,ARTW,1990-10-24,0.05
NASDAQ,ARTW,1990-08-06,0.05
NASDAQ,ASML,2009-03-30,0.27
NASDAQ,ASML,2008-04-07,0.371
NASDAQ,ASML,2007-10-01,2.84
NASDAQ,ADRD,2009-12-18,0.271
NASDAQ,ADRD,2009-09-18,0.168
NASDAQ,ADRD,2009-06-19,0.273
NASDAQ,ADRD,2009-03-20,0.105
NASDAQ,ADRD,2008-12-19,0.162
NASDAQ,ADRD,2008-09-19,0.18
NASDAQ,ADRD,2008-06-20,0.403
NASDAQ,ADRD,2008-03-20,0.184
NASDAQ,ADRD,2007-12-27,0.675
NASDAQ,ADRD,2007-12-21,0.134
NASDAQ,ADRD,2007-09-21,0.15
NASDAQ,ADRD,2007-06-15,0.356
NASDAQ,ADRD,2007-03-16,0.119
NASDAQ,ADRD,2006-12-15,0.124
NASDAQ,ADRD,2006-09-15,0.128
NASDAQ,ADRD,2006-06-16,0.32867
NASDAQ,ADRD,2006-03-17,0.097
NASDAQ,ADRD,2005-12-16,0.098
NASDAQ,ADRD,2005-09-16,0.111
NASDAQ,ADRD,2005-06-17,0.234
NASDAQ,ADRD,2005-03-18,0.12467
NASDAQ,ADRD,2004-12-17,0.08133
NASDAQ,ADRD,2004-09-17,0.08767
NASDAQ,ADRD,2004-06-18,0.17567
NASDAQ,ADRD,2004-03-19,0.08733
NASDAQ,ADRD,2003-12-19,0.05067
NASDAQ,ADRD,2003-09-19,0.083
NASDAQ,ADRD,2003-06-20,0.12833
NASDAQ,ADRD,2003-03-21,0.09167
NASDAQ,ADRD,2002-12-20,0.02433
NASDAQ,ANNB,2002-01-30,0.0075
NASDAQ,ANNB,2001-10-31,0.0075
NASDAQ,ANNB,2001-04-26,0.01125
NASDAQ,ANNB,2001-02-01,0.00563
NASDAQ,ANNB,2000-11-01,0.00563
NASDAQ,ANNB,2000-07-31,0.00563
NASDAQ,ANNB,2000-04-26,0.00563
NASDAQ,ANNB,2000-02-03,0.00563
NASDAQ,ANNB,1999-10-27,0.00563
NASDAQ,ADPT,2001-05-14,2.343
NASDAQ,ATX,1998-10-30,0.08
NASDAQ,ATX,1998-07-31,0.08
NASDAQ,ATX,1998-05-01,0.08
NASDAQ,ATX,1998-01-15,0.08
NASDAQ,ATX,1997-10-31,0.08
NASDAQ,ATX,1997-08-01,0.08
NASDAQ,ATX,1997-05-02,0.16
NASDAQ,ATX,1997-01-16,0.16
NASDAQ,ATX,1996-11-01,0.16
NASDAQ,ATX,1996-08-02,0.16
NASDAQ,ATX,1996-05-03,0.16
NASDAQ,ATX,1996-01-23,0.16
NASDAQ,ATX,1995-10-31,0.16
NASDAQ,ATX,1995-08-01,0.16
NASDAQ,ATX,1995-05-03,0.16
NASDAQ,ATX,1995-01-20,0.16
NASDAQ,ATX,1994-10-28,0.16
NASDAQ,ATX,1994-07-29,0.16
NASDAQ,ATX,1994-05-03,0.16
NASDAQ,ATX,1994-01-21,0.16
NASDAQ,ATX,1993-10-29,0.16
NASDAQ,ATX,1993-07-30,0.16
NASDAQ,ATX,1993-04-30,0.32
NASDAQ,ATX,1993-01-22,0.32
NASDAQ,ATX,1992-10-30,0.32
NASDAQ,ATX,1992-07-31,0.32
NASDAQ,ATX,1992-05-01,0.32
NASDAQ,ADRA,2009-12-18,0.086
NASDAQ,ADRA,2009-09-18,0.146
NASDAQ,ADRA,2009-06-19,0.141
NASDAQ,ADRA,2009-03-20,0.418
NASDAQ,ADRA,2008-12-19,0.208
NASDAQ,ADRA,2008-09-19,0.258
NASDAQ,ADRA,2008-06-20,0.15
NASDAQ,ADRA,2008-03-20,0.044
NASDAQ,ADRA,2007-12-27,0.242
NASDAQ,ADRA,2007-12-21,0.112
NASDAQ,ADRA,2007-09-21,0.169
NASDAQ,ADRA,2007-06-15,0.207
NASDAQ,ADRA,2007-03-16,0.033
NASDAQ,ADRA,2006-12-15,0.142
NASDAQ,ADRA,2006-09-15,0.121
NASDAQ,ADRA,2006-06-16,0.149
NASDAQ,ADRA,2006-03-17,0.02533
NASDAQ,ADRA,2005-12-16,0.14467
NASDAQ,ADRA,2005-09-16,0.05533
NASDAQ,ADRA,2005-06-17,0.176
NASDAQ,ADRA,2005-03-18,0.01833
NASDAQ,ADRA,2004-12-31,0.00933
NASDAQ,ADRA,2004-12-17,0.12167
NASDAQ,ADRA,2004-09-17,0.02533
NASDAQ,ADRA,2004-06-18,0.12867
NASDAQ,ADRA,2004-03-19,0.055
NASDAQ,ADRA,2003-12-19,0.10567
NASDAQ,ADRA,2003-09-19,0.006
NASDAQ,ADRA,2003-06-20,0.10733
NASDAQ,ADRA,2003-03-21,0.00733
NASDAQ,ADRA,2002-12-31,0.00767
NASDAQ,ADRA,2002-12-20,0.02833
NASDAQ,AAPL,1995-11-21,0.03
NASDAQ,AAPL,1995-08-16,0.03
NASDAQ,AAPL,1995-05-26,0.03
NASDAQ,AAPL,1995-02-13,0.03
NASDAQ,AAPL,1994-11-18,0.03
NASDAQ,AAPL,1994-08-15,0.03
NASDAQ,AAPL,1994-05-27,0.03
NASDAQ,AAPL,1994-02-07,0.03
NASDAQ,AAPL,1993-11-19,0.03
NASDAQ,AAPL,1993-08-16,0.03
NASDAQ,AAPL,1993-05-28,0.03
NASDAQ,AAPL,1993-02-12,0.03
NASDAQ,AAPL,1992-11-30,0.03
NASDAQ,AAPL,1992-08-17,0.03
NASDAQ,AAPL,1992-06-01,0.03
NASDAQ,AAPL,1992-02-14,0.03
NASDAQ,AAPL,1991-11-18,0.03
NASDAQ,AAPL,1991-08-19,0.03
NASDAQ,AAPL,1991-05-20,0.03
NASDAQ,AAPL,1991-02-15,0.03
NASDAQ,AAPL,1990-11-16,0.03
NASDAQ,AAPL,1990-08-20,0.0275
NASDAQ,AAPL,1990-05-21,0.0275
NASDAQ,AAPL,1990-02-16,0.0275
NASDAQ,AAPL,1989-11-17,0.0275
NASDAQ,AAPL,1989-08-21,0.025
NASDAQ,AAPL,1989-05-22,0.025
NASDAQ,AAPL,1989-02-17,0.025
NASDAQ,AAPL,1988-11-21,0.025
NASDAQ,AAPL,1988-08-15,0.02
NASDAQ,AAPL,1988-05-16,0.02
NASDAQ,AAPL,1988-02-12,0.02
NASDAQ,AAPL,1987-11-17,0.02
NASDAQ,AAPL,1987-08-10,0.015
NASDAQ,AAPL,1987-05-11,0.015
NASDAQ,AFFM,2008-12-12,0.02
NASDAQ,AFFM,2008-09-11,0.02
NASDAQ,AFFM,2008-06-12,0.02
NASDAQ,AFFM,2008-03-18,0.02
NASDAQ,AFFM,2007-12-12,0.02
NASDAQ,AFFM,2007-09-12,0.02
NASDAQ,AFFM,2007-06-13,0.02
NASDAQ,AFFM,2007-03-21,0.02
NASDAQ,AFFM,2006-12-13,0.02
NASDAQ,AFFM,2006-09-13,0.02
NASDAQ,AFFM,2006-07-17,0.02
NASDAQ,AFFM,2006-03-17,0.02
NASDAQ,AFFM,2005-11-29,0.02
NASDAQ,AFFM,2005-08-30,0.02
NASDAQ,AFFM,2005-05-27,0.02
NASDAQ,AFFM,2005-02-25,0.02
NASDAQ,AFFM,2004-11-29,0.02
NASDAQ,AMTCP,2009-03-27,0.281
NASDAQ,AMTCP,2008-12-29,0.281
NASDAQ,AMTCP,2008-10-07,0.281
NASDAQ,AMTCP,2008-06-26,0.281
NASDAQ,AMTCP,2008-03-27,0.281
NASDAQ,AMTCP,2007-12-26,0.281
NASDAQ,AMTCP,2007-09-26,0.281
NASDAQ,AMTCP,2007-06-27,0.281
NASDAQ,AMTCP,2007-03-28,0.281
NASDAQ,AMTCP,2006-12-27,0.281
NASDAQ,AMTCP,2006-09-27,0.281
NASDAQ,AMTCP,2006-06-28,0.281
NASDAQ,AMTCP,2006-03-29,0.281
NASDAQ,AMTCP,2005-12-28,0.281
NASDAQ,AMTCP,2005-09-28,0.281
NASDAQ,AMTCP,2005-06-28,0.281
NASDAQ,AMTCP,2005-03-30,0.281
NASDAQ,AMTCP,2004-12-29,0.281
NASDAQ,AMTCP,2004-09-28,0.281
NASDAQ,AMTCP,2004-07-13,0.281
NASDAQ,AMTCP,2004-03-29,0.281
NASDAQ,AMTCP,2004-01-08,0.281
NASDAQ,ALLB,2010-02-03,0.03
NASDAQ,ALLB,2009-11-04,0.03
NASDAQ,ALLB,2009-08-05,0.03
NASDAQ,ALLB,2009-05-06,0.03
NASDAQ,ALLB,2009-02-04,0.03
NASDAQ,ALLB,2008-11-05,0.06
NASDAQ,ALLB,2008-07-30,0.06
NASDAQ,ALLB,2008-05-07,0.06
NASDAQ,ALLB,2008-02-06,0.06
NASDAQ,ALLB,2007-10-31,0.05
NASDAQ,ALLB,2007-08-01,0.05
NASDAQ,ALLB,2007-05-09,0.05
NASDAQ,ALLB,2007-02-12,0.04
NASDAQ,ALLB,2006-11-01,0.04287
NASDAQ,ALLB,2006-08-02,0.04287
NASDAQ,ALLB,2006-05-09,0.04287
NASDAQ,ALLB,2006-01-31,0.04287
NASDAQ,ALLB,2005-11-01,0.04287
NASDAQ,ALLB,2005-08-03,0.04287
NASDAQ,ALLB,2005-05-11,0.04287
NASDAQ,ALLB,2005-02-02,0.04287
NASDAQ,ALLB,2004-11-03,0.04287
NASDAQ,ALLB,2004-08-03,0.04287
NASDAQ,ALLB,2004-05-11,0.04287
NASDAQ,ALLB,2004-02-04,0.04287
NASDAQ,ALLB,2003-11-05,0.04287
NASDAQ,ALLB,2003-08-05,0.04287
NASDAQ,ALLB,2003-05-06,0.04287
NASDAQ,ALLB,2003-02-12,0.04287
NASDAQ,ALLB,2002-10-29,0.04287
NASDAQ,ALLB,2002-08-07,0.04287
NASDAQ,ALLB,2002-05-07,0.04287
NASDAQ,ALLB,2002-02-05,0.04287
NASDAQ,ALLB,2001-10-30,0.04287
NASDAQ,ALLB,2001-07-31,0.04287
NASDAQ,ALLB,2001-05-08,0.04287
NASDAQ,ALLB,2001-02-05,0.04082
NASDAQ,ALLB,2000-10-31,0.04082
NASDAQ,ALLB,2000-08-01,0.04082
NASDAQ,ALLB,2000-05-09,0.04082
NASDAQ,ALLB,2000-02-07,0.04082
NASDAQ,ALLB,1999-11-02,0.04082
NASDAQ,ALLB,1999-08-03,0.04082
NASDAQ,ALLB,1999-05-10,0.04082
NASDAQ,ALLB,1999-02-02,0.04082
NASDAQ,ALLB,1998-11-03,0.04082
NASDAQ,ALLB,1998-08-04,0.04082
NASDAQ,ALLB,1998-05-05,0.04082
NASDAQ,ALLB,1998-02-03,0.04082
NASDAQ,ALLB,1997-11-05,0.04082
NASDAQ,ALLB,1997-08-13,0.04082
NASDAQ,ALLB,1997-05-13,0.04082
NASDAQ,ALLB,1997-02-06,0.04082
NASDAQ,ALLB,1996-10-31,0.04082
NASDAQ,ALLB,1996-07-29,0.04082
NASDAQ,ALLB,1996-05-06,0.04082
NASDAQ,ALLB,1996-01-30,0.04082
NASDAQ,ALLB,1995-10-30,0.03992
NASDAQ,ALLB,1995-06-13,0.03992
NASDAQ,APAGF,2010-01-06,0.02
NASDAQ,APAGF,2009-10-15,0.02
NASDAQ,APAGF,2009-07-22,0.02
NASDAQ,APAGF,2009-04-21,0.02
NASDAQ,APAGF,2009-01-06,0.088
NASDAQ,APAGF,2008-10-15,0.088
NASDAQ,APAGF,2008-07-23,0.088
NASDAQ,APAGF,2008-04-17,0.088
NASDAQ,APAGF,2008-01-04,0.088
NASDAQ,APAGF,2007-10-15,0.0875
NASDAQ,APAGF,2007-07-13,0.0875
NASDAQ,APAGF,2007-04-17,0.0875
NASDAQ,APAGF,2007-01-05,0.0875
NASDAQ,APAGF,2006-10-13,0.0875
NASDAQ,APAGF,2006-07-13,0.075
NASDAQ,APAGF,2006-03-30,0.075
NASDAQ,APAGF,2006-01-06,0.0625
NASDAQ,APAGF,2005-10-14,0.0625
NASDAQ,APAGF,2005-07-15,0.04075
NASDAQ,APAGF,2005-03-31,0.04075
NASDAQ,APAGF,2005-01-06,0.04075
NASDAQ,APAGF,2004-10-15,0.04075
NASDAQ,APAGF,2004-07-14,0.04075
NASDAQ,APAGF,2004-04-14,0.04075
NASDAQ,APAGF,2004-01-09,0.04075
NASDAQ,APAGF,2003-10-09,0.04075
NASDAQ,APAGF,2003-07-10,0.04075
NASDAQ,APAGF,2003-04-10,0.04075
NASDAQ,APAGF,2003-01-10,0.04075
NASDAQ,APAGF,2002-10-10,0.04075
NASDAQ,APAGF,2002-07-11,0.04075
NASDAQ,APAGF,2002-04-11,0.04075
NASDAQ,APAGF,2002-01-14,0.04075
NASDAQ,APAGF,2001-10-10,0.04075
NASDAQ,APAGF,2001-07-11,0.04075
NASDAQ,APAGF,2001-04-10,0.04075
NASDAQ,APAGF,2000-12-22,0.04075
NASDAQ,APAGF,2000-06-29,0.04075
NASDAQ,APAGF,2000-04-12,0.04075
NASDAQ,APAGF,1999-12-23,0.04075
NASDAQ,APAGF,1999-09-29,0.04075
NASDAQ,APAGF,1999-07-02,0.04075
NASDAQ,APAGF,1999-04-08,0.0405
NASDAQ,APAGF,1998-12-29,0.0405
NASDAQ,APAGF,1998-09-30,0.0405
NASDAQ,APAGF,1998-06-30,0.0405
NASDAQ,APAGF,1998-04-01,0.0405
NASDAQ,APAGF,1997-10-01,0.0405
NASDAQ,APAGF,1997-07-01,0.0405
NASDAQ,APAGF,1997-04-02,0.0405
NASDAQ,APAGF,1996-10-02,0.0405
NASDAQ,APAGF,1996-07-02,0.0405
NASDAQ,APAGF,1996-04-02,0.0405
NASDAQ,APAGF,1996-01-03,0.0405
NASDAQ,APAGF,1995-09-28,0.0405
NASDAQ,APAGF,1995-07-05,0.08125
NASDAQ,APAGF,1995-04-03,0.08125
NASDAQ,APAGF,1994-12-21,0.08125
NASDAQ,APAGF,1994-09-20,0.08125
NASDAQ,APAGF,1994-06-27,0.08125
NASDAQ,APAGF,1994-04-04,0.08125
NASDAQ,APAGF,1993-12-27,0.08125
NASDAQ,APAGF,1993-09-13,0.08125
NASDAQ,APAGF,1993-06-28,0.08125
NASDAQ,APAGF,1993-04-02,0.08125
NASDAQ,AVCA,2009-12-29,0.05
NASDAQ,AVCA,2009-09-28,0.05
NASDAQ,AVCA,2009-08-13,0.05
NASDAQ,ASRV,2008-11-10,0.025
NASDAQ,ASRV,2002-12-02,0.03
NASDAQ,ASRV,2002-08-30,0.09
NASDAQ,ASRV,2002-06-03,0.09
NASDAQ,ASRV,2002-03-01,0.09
NASDAQ,ASRV,2001-11-26,0.09
NASDAQ,ASRV,2001-08-31,0.09
NASDAQ,ASRV,2001-06-04,0.09
NASDAQ,ASRV,2001-03-02,0.09
NASDAQ,ASRV,2000-11-27,0.09
NASDAQ,ASRV,2000-09-01,0.09
NASDAQ,ASRV,2000-06-05,0.09
NASDAQ,ASRV,2000-03-03,0.15
NASDAQ,ASRV,1999-11-24,0.15
NASDAQ,ASRV,1999-09-03,0.15
NASDAQ,ASRV,1999-06-07,0.15
NASDAQ,ASRV,1999-03-05,0.14
NASDAQ,ASRV,1998-12-28,0.14
NASDAQ,ASRV,1998-11-25,0.14
NASDAQ,ASRV,1998-09-04,0.14
NASDAQ,ASRV,1998-06-01,0.14
NASDAQ,ASRV,1998-03-06,0.11667
NASDAQ,ASRV,1997-12-29,0.11667
NASDAQ,ASRV,1997-12-01,0.11667
NASDAQ,ASRV,1997-08-29,0.11667
NASDAQ,ASRV,1997-06-02,0.11667
NASDAQ,ASRV,1997-03-07,0.1
NASDAQ,ASRV,1996-12-30,0.1
NASDAQ,ASRV,1996-12-02,0.1
NASDAQ,ASRV,1996-08-30,0.1
NASDAQ,ASRV,1996-06-03,0.1
NASDAQ,ASRV,1996-03-01,0.09
NASDAQ,ASRV,1995-11-27,0.09
NASDAQ,ASRV,1995-09-01,0.09
NASDAQ,ASRV,1995-06-01,0.08333
NASDAQ,ASRV,1995-03-01,0.08333
NASDAQ,ASRV,1994-11-23,0.08333
NASDAQ,ASRV,1994-08-31,0.08333
NASDAQ,ASRV,1994-06-13,0.08333
NASDAQ,ASRV,1994-03-02,0.07333
NASDAQ,ASRV,1993-11-26,0.07333
NASDAQ,ASRV,1993-09-01,0.06667
NASDAQ,ASRV,1993-05-04,0.06667
NASDAQ,ASRV,1993-03-03,0.06667
NASDAQ,ASRV,1992-11-25,0.06667
NASDAQ,ASRV,1992-09-01,0.06667
NASDAQ,ASRV,1992-05-28,0.06667
NASDAQ,ASRV,1992-03-04,0.05
NASDAQ,ASRV,1991-11-27,0.03333
NASDAQ,ASRV,1991-05-29,0.03333
NASDAQ,ASRV,1990-11-29,0.00833
NASDAQ,ACAS,2008-10-02,1.05
NASDAQ,ACAS,2008-06-11,1.03
NASDAQ,ACAS,2008-03-05,1.01
NASDAQ,ACAS,2007-12-05,1.0
NASDAQ,ACAS,2007-09-05,0.92
NASDAQ,ACAS,2007-06-07,0.91
NASDAQ,ACAS,2007-02-28,0.89
NASDAQ,ACAS,2006-12-04,0.88
NASDAQ,ACAS,2006-09-01,0.83
NASDAQ,ACAS,2006-05-25,0.82
NASDAQ,ACAS,2006-02-24,0.8
NASDAQ,ACAS,2005-12-29,0.03
NASDAQ,ACAS,2005-12-05,0.79
NASDAQ,ACAS,2005-08-24,0.78
NASDAQ,ACAS,2005-05-12,0.75
NASDAQ,ACAS,2005-02-23,0.73
NASDAQ,ACAS,2004-12-29,0.06
NASDAQ,ACAS,2004-11-10,0.73
NASDAQ,ACAS,2004-08-12,0.72
NASDAQ,ACAS,2004-05-14,0.7
NASDAQ,ACAS,2004-02-20,0.7
NASDAQ,ACAS,2003-12-29,0.06
NASDAQ,ACAS,2003-12-12,0.69
NASDAQ,ACAS,2003-09-16,0.69
NASDAQ,ACAS,2003-06-10,0.68
NASDAQ,ACAS,2003-03-10,0.67
NASDAQ,ACAS,2002-12-27,0.02
NASDAQ,ACAS,2002-12-10,0.67
NASDAQ,ACAS,2002-09-10,0.66
NASDAQ,ACAS,2002-06-10,0.63
NASDAQ,ACAS,2002-03-13,0.59
NASDAQ,ACAS,2001-12-27,0.09
NASDAQ,ACAS,2001-12-10,0.57
NASDAQ,ACAS,2001-09-10,0.56
NASDAQ,ACAS,2001-05-30,0.55
NASDAQ,ACAS,2001-03-13,0.53
NASDAQ,ACAS,2000-12-27,0.22
NASDAQ,ACAS,2000-12-08,0.52
NASDAQ,ACAS,2000-09-13,0.49
NASDAQ,ACAS,2000-05-15,0.49
NASDAQ,ACAS,2000-03-13,0.45
NASDAQ,ACAS,1999-12-28,0.03
NASDAQ,ACAS,1999-12-13,0.44
NASDAQ,ACAS,1999-08-19,0.43
NASDAQ,ACAS,1999-06-17,0.43
NASDAQ,ACAS,1999-03-22,0.41
NASDAQ,ACAS,1998-12-29,0.37
NASDAQ,ACAS,1998-12-17,0.37
NASDAQ,ACAS,1998-09-16,0.32
NASDAQ,ACAS,1998-06-19,0.29
NASDAQ,ACAS,1998-03-13,0.25
NASDAQ,ALSK,2009-12-29,0.215
NASDAQ,ALSK,2009-09-28,0.215
NASDAQ,ALSK,2009-06-26,0.215
NASDAQ,ALSK,2009-03-27,0.215
NASDAQ,ALSK,2008-12-29,0.215
NASDAQ,ALSK,2008-09-26,0.215
NASDAQ,ALSK,2008-06-26,0.215
NASDAQ,ALSK,2008-03-27,0.215
NASDAQ,ALSK,2007-12-27,0.215
NASDAQ,ALSK,2007-09-26,0.215
NASDAQ,ALSK,2007-06-27,0.215
NASDAQ,ALSK,2007-03-28,0.215
NASDAQ,ALSK,2006-12-27,0.215
NASDAQ,ALSK,2006-09-27,0.215
NASDAQ,ALSK,2006-06-28,0.215
NASDAQ,ALSK,2006-03-29,0.215
NASDAQ,ALSK,2005-12-28,0.2
NASDAQ,ALSK,2005-09-28,0.2
NASDAQ,ALSK,2005-06-28,0.2
NASDAQ,ALSK,2005-03-29,0.2
NASDAQ,ALSK,2004-12-29,0.185
NASDAQ,AAON,2009-12-10,0.18
NASDAQ,AAON,2009-06-09,0.18
NASDAQ,AAON,2008-12-10,0.16
NASDAQ,AAON,2008-06-10,0.16
NASDAQ,AAON,2007-12-11,0.16
NASDAQ,AAON,2007-06-07,0.13333
NASDAQ,AAON,2006-12-11,0.13333
NASDAQ,AAON,2006-06-08,0.13333
NASDAQ,ADTN,2010-02-02,0.09
NASDAQ,ADTN,2009-10-27,0.09
NASDAQ,ADTN,2009-07-28,0.09
NASDAQ,ADTN,2009-04-28,0.09
NASDAQ,ADTN,2009-02-03,0.09
NASDAQ,ADTN,2008-10-28,0.09
NASDAQ,ADTN,2008-07-29,0.09
NASDAQ,ADTN,2008-04-29,0.09
NASDAQ,ADTN,2008-02-05,0.09
NASDAQ,ADTN,2007-10-30,0.09
NASDAQ,ADTN,2007-07-31,0.09
NASDAQ,ADTN,2007-05-01,0.09
NASDAQ,ADTN,2007-02-06,0.09
NASDAQ,ADTN,2006-10-31,0.09
NASDAQ,ADTN,2006-08-02,0.09
NASDAQ,ADTN,2006-05-02,0.09
NASDAQ,ADTN,2006-02-03,0.09
NASDAQ,ADTN,2005-11-02,0.09
NASDAQ,ADTN,2005-08-03,0.09
NASDAQ,ADTN,2005-05-03,0.08
NASDAQ,ADTN,2005-02-02,0.08
NASDAQ,ADTN,2004-10-29,0.08
NASDAQ,ADTN,2004-07-30,0.08
NASDAQ,ADTN,2004-04-30,0.08
NASDAQ,ADTN,2004-01-30,0.08
NASDAQ,ADTN,2003-10-29,0.075
NASDAQ,ADTN,2003-07-29,1.075
NASDAQ,ASGR,2009-11-16,0.05
NASDAQ,ASGR,2009-08-17,0.05
NASDAQ,AMTC,2008-02-21,0.01
NASDAQ,AMTC,2007-11-15,0.01
NASDAQ,AMTC,2003-01-15,0.1
NASDAQ,AMTC,2002-10-03,0.17
NASDAQ,AMTC,2002-03-21,0.12
NASDAQ,AMTC,2002-01-17,0.18
NASDAQ,AMTC,2001-10-18,0.27
NASDAQ,AMTC,2001-05-23,0.113
NASDAQ,AMTC,2001-01-17,0.19
NASDAQ,AMTC,2000-04-19,0.19
NASDAQ,AMTC,2000-01-18,0.18
NASDAQ,AMTC,1999-10-12,0.18
NASDAQ,AMTC,1999-07-06,0.18
NASDAQ,AMTC,1999-04-08,0.18
NASDAQ,ACET,2009-12-22,0.1
NASDAQ,ACET,2009-06-11,0.1
NASDAQ,ACET,2008-12-17,0.1
NASDAQ,ACET,2008-06-12,0.1
NASDAQ,ACET,2008-02-20,0.05
NASDAQ,ACET,2007-12-19,0.1
NASDAQ,ACET,2007-06-14,0.1
NASDAQ,ACET,2006-12-20,0.075
NASDAQ,ACET,2006-06-15,0.075
NASDAQ,ACET,2005-12-21,0.075
NASDAQ,ACET,2005-06-16,0.075
NASDAQ,ACET,2004-12-21,0.05
NASDAQ,ACET,2004-06-10,0.05667
NASDAQ,ACET,2003-12-15,0.03778
NASDAQ,ACET,2003-06-12,0.05111
NASDAQ,ACET,2002-12-16,0.03407
NASDAQ,ACET,2002-06-13,0.04741
NASDAQ,ACET,2001-12-17,0.04741
NASDAQ,ACET,2001-06-14,0.04741
NASDAQ,ACET,2000-12-15,0.04445
NASDAQ,ACET,2000-06-15,0.04445
NASDAQ,ACET,1999-12-16,0.04445
NASDAQ,ACET,1999-06-11,0.01926
NASDAQ,ACET,1998-12-17,0.01926
NASDAQ,ACET,1998-06-12,0.01926
NASDAQ,ACET,1997-12-15,0.01778
NASDAQ,ACET,1997-06-12,0.01778
NASDAQ,ACET,1996-12-12,0.01778
NASDAQ,ACET,1996-06-13,0.01778
NASDAQ,ACET,1995-12-14,0.01778
NASDAQ,ACET,1995-06-15,0.01778
NASDAQ,ACET,1994-12-12,0.01778
NASDAQ,ACET,1994-06-14,0.0158
NASDAQ,ACET,1993-12-13,0.0158
NASDAQ,ACET,1993-06-15,0.01383
NASDAQ,ACET,1992-12-14,0.01383
NASDAQ,ACET,1992-06-16,0.01383
NASDAQ,ACET,1991-12-09,0.01383
NASDAQ,ACET,1991-06-04,0.01383
NASDAQ,ACET,1990-12-10,0.01383
NASDAQ,ACET,1990-06-05,0.03161
NASDAQ,ABBC,2009-12-04,0.05
NASDAQ,ABBC,2009-09-04,0.05
NASDAQ,ABBC,2009-06-08,0.05
NASDAQ,ABBC,2009-03-09,0.05
NASDAQ,ABBC,2008-12-05,0.05
NASDAQ,ABBC,2008-09-08,0.05
NASDAQ,ABBC,2008-06-09,0.05
NASDAQ,ABBC,2008-03-10,0.05
NASDAQ,ABBC,2007-12-10,0.045
NASDAQ,ABBC,2007-08-31,0.045
NASDAQ,ABBC,2007-06-04,0.07
NASDAQ,ABBC,2007-03-12,0.06
NASDAQ,ABBC,2006-12-11,0.06
NASDAQ,ABBC,2006-09-01,0.06
NASDAQ,ABBC,2006-06-05,0.06
NASDAQ,ABBC,2006-03-06,0.05
NASDAQ,ABBC,2005-12-05,0.05
NASDAQ,ABBC,2005-09-02,0.05
NASDAQ,ABBC,2005-06-06,0.05
NASDAQ,ARKR,2009-12-11,0.25
NASDAQ,ARKR,2008-10-22,0.44
NASDAQ,ARKR,2008-07-22,0.44
NASDAQ,ARKR,2008-04-22,0.44
NASDAQ,ARKR,2008-01-17,0.44
NASDAQ,ARKR,2007-10-18,0.44
NASDAQ,ARKR,2007-07-23,0.44
NASDAQ,ARKR,2007-04-20,0.35
NASDAQ,ARKR,2007-01-22,3.35
NASDAQ,ARKR,2006-10-18,0.35
NASDAQ,ARKR,2006-07-21,0.35
NASDAQ,ARKR,2006-04-20,0.35
NASDAQ,ARKR,2006-01-20,0.35
NASDAQ,ARKR,2005-10-19,0.35
NASDAQ,ARKR,2005-07-21,0.35
NASDAQ,ARKR,2005-04-21,0.35
NASDAQ,ARKR,2005-01-20,0.35
NASDAQ,ARKR,2004-10-20,0.35
NASDAQ,ASEI,2009-11-19,0.2
NASDAQ,ASEI,2009-08-20,0.2
NASDAQ,ASEI,2009-05-21,0.2
NASDAQ,ASEI,2009-02-11,0.2
NASDAQ,ASEI,2008-11-13,0.2
NASDAQ,ASEI,2008-08-14,0.2
NASDAQ,ASEI,2008-05-15,0.2
NASDAQ,ASEI,2008-02-13,0.2
NASDAQ,ASEI,2007-11-15,0.2
NASDAQ,ASEI,2007-08-20,0.2
NASDAQ,ASEI,2007-08-16,0.2
NASDAQ,AIXG,2009-05-18,0.124
NASDAQ,AIXG,2008-05-12,0.108
NASDAQ,ALTR,2010-02-08,0.05
NASDAQ,ALTR,2009-11-06,0.05
NASDAQ,ALTR,2009-08-06,0.05
NASDAQ,ALTR,2009-05-07,0.05
NASDAQ,ALTR,2009-02-06,0.05
NASDAQ,ALTR,2008-11-06,0.05
NASDAQ,ALTR,2008-08-07,0.05
NASDAQ,ALTR,2008-05-08,0.05
NASDAQ,ALTR,2008-02-07,0.04
NASDAQ,ALTR,2007-11-07,0.04
NASDAQ,ALTR,2007-08-08,0.04
NASDAQ,ALTR,2007-05-08,0.04
NASDAQ,ALOT,2009-12-09,0.06
NASDAQ,ALOT,2009-09-09,0.06
NASDAQ,ALOT,2009-06-10,0.06
NASDAQ,ALOT,2009-03-18,0.06
NASDAQ,ALOT,2008-12-10,0.06
NASDAQ,ALOT,2008-09-10,0.06
NASDAQ,ALOT,2008-06-11,0.06
NASDAQ,ALOT,2008-03-18,0.05
NASDAQ,ALOT,2007-12-12,0.05
NASDAQ,ALOT,2007-09-05,0.05
NASDAQ,ALOT,2007-06-13,0.05
NASDAQ,ALOT,2007-03-21,0.05
NASDAQ,ALOT,2006-12-06,0.05
NASDAQ,ALOT,2006-09-06,0.05
NASDAQ,ALOT,2006-06-14,0.04
NASDAQ,ALOT,2006-03-22,0.04
NASDAQ,ALOT,2005-12-07,0.032
NASDAQ,ALOT,2005-09-07,0.032
NASDAQ,ALOT,2005-06-15,0.032
NASDAQ,ALOT,2005-03-22,0.032
NASDAQ,ALOT,2004-12-08,0.032
NASDAQ,ALOT,2004-09-08,0.032
NASDAQ,ALOT,2004-06-16,0.032
NASDAQ,ALOT,2004-03-24,0.02909
NASDAQ,ALOT,2003-12-10,0.02909
NASDAQ,ALOT,2003-09-10,0.02909
NASDAQ,ALOT,2003-06-11,0.02909
NASDAQ,ALOT,2003-03-26,0.02909
NASDAQ,ALOT,2002-12-11,0.02909
NASDAQ,ALOT,2002-09-11,0.02909
NASDAQ,ALOT,2002-06-12,0.02909
NASDAQ,ALOT,2002-03-26,0.02909
NASDAQ,ALOT,2001-12-12,0.02909
NASDAQ,ALOT,2001-06-13,0.02909
NASDAQ,ALOT,2000-12-13,0.02909
NASDAQ,ALOT,2000-09-13,0.02909
NASDAQ,ALOT,2000-06-14,0.02909
NASDAQ,ALOT,2000-03-21,0.02909
NASDAQ,ALOT,1999-12-15,0.02909
NASDAQ,ALOT,1999-09-15,0.02909
NASDAQ,ALOT,1999-06-16,0.02909
NASDAQ,ALOT,1999-03-25,0.02909
NASDAQ,ALOT,1998-12-16,0.02909
NASDAQ,ALOT,1998-09-16,0.02909
NASDAQ,ALOT,1998-06-17,0.02909
NASDAQ,ALOT,1998-03-23,0.02909
NASDAQ,ALOT,1997-12-17,0.02909
NASDAQ,ALOT,1997-09-17,0.02909
NASDAQ,ALOT,1997-06-11,0.02909
NASDAQ,ALOT,1997-03-26,0.02182
NASDAQ,ALOT,1996-12-18,0.02182
NASDAQ,ALOT,1996-09-18,0.02182
NASDAQ,ALOT,1996-06-12,0.02182
NASDAQ,ALOT,1996-03-20,0.02182
NASDAQ,ALOT,1995-12-20,0.02182
NASDAQ,ALOT,1995-09-19,0.02182
NASDAQ,ALOT,1995-06-13,0.02182
NASDAQ,ALOT,1995-03-15,0.02182
NASDAQ,ALOT,1994-12-19,0.02182
NASDAQ,ALOT,1994-09-16,0.02182
NASDAQ,ALOT,1994-06-20,0.02182
NASDAQ,ALOT,1994-03-16,0.02182
NASDAQ,ALOT,1993-09-07,0.02182
NASDAQ,ALOT,1993-06-07,0.02182
NASDAQ,ALOT,1993-03-15,0.02182
NASDAQ,ALOT,1992-12-07,0.02182
NASDAQ,ALOT,1992-09-08,0.02182
NASDAQ,ALOT,1992-06-04,0.02182
NASDAQ,ALOT,1992-03-16,0.01454
NASDAQ,ALOT,1991-12-06,0.01454
NASDAQ,ALOT,1991-09-09,0.01454
NASDAQ,ALOT,1991-05-10,0.01454
NASDAQ,ATNI,2009-12-29,0.2
NASDAQ,ATNI,2009-10-01,0.2
NASDAQ,ATNI,2009-06-26,0.18
NASDAQ,ATNI,2009-03-27,0.18
NASDAQ,ATNI,2008-12-29,0.18
NASDAQ,ATNI,2008-09-30,0.18
NASDAQ,ATNI,2008-06-26,0.16
NASDAQ,ATNI,2008-03-27,0.16
NASDAQ,ATNI,2008-01-03,0.16
NASDAQ,ATNI,2007-09-27,0.16
NASDAQ,ATNI,2007-06-27,0.14
NASDAQ,ATNI,2007-03-28,0.14
NASDAQ,ATNI,2006-12-27,0.14
NASDAQ,ATNI,2006-09-27,0.14
NASDAQ,ATNI,2006-06-08,0.12
NASDAQ,ATNI,2006-03-16,0.12
NASDAQ,ATNI,2005-12-28,0.12
NASDAQ,ATNI,2005-09-28,0.12
NASDAQ,ATNI,2005-06-28,0.11
NASDAQ,ATNI,2005-03-29,0.11
NASDAQ,ATNI,2004-12-29,0.11
NASDAQ,ATNI,2004-09-28,0.1092
NASDAQ,ATNI,2004-06-28,0.1
NASDAQ,ATNI,2004-03-31,0.1
NASDAQ,ATNI,2003-12-29,0.1
NASDAQ,ATNI,2003-09-26,0.1
NASDAQ,ATNI,2003-06-26,0.09
NASDAQ,ATNI,2003-04-02,0.09
NASDAQ,ATNI,2002-12-24,0.09
NASDAQ,ATNI,2002-09-25,0.09
NASDAQ,ATNI,2002-06-26,0.08
NASDAQ,ATNI,2002-03-26,0.08
NASDAQ,ATNI,2001-12-26,0.08
NASDAQ,ATNI,2001-09-26,0.08
NASDAQ,ATNI,2001-06-27,0.08
NASDAQ,ATNI,2001-03-28,0.08
NASDAQ,ATNI,2001-01-17,0.07
NASDAQ,ATNI,2000-09-27,0.07
NASDAQ,ATNI,2000-06-28,0.07
NASDAQ,ATNI,2000-03-29,0.07
NASDAQ,ATNI,1999-12-29,0.06
NASDAQ,ATNI,1999-09-28,0.06
NASDAQ,ATNI,1999-06-28,0.06
NASDAQ,ATNI,1999-03-29,0.06
NASDAQ,ATNI,1998-12-24,0.06
NASDAQ,ATNI,1993-06-09,0.04
NASDAQ,ATNI,1993-03-11,0.04
NASDAQ,ATNI,1992-12-11,0.032
NASDAQ,ATNI,1992-09-09,0.032
NASDAQ,ATNI,1992-05-22,0.032
NASDAQ,ATNI,1992-03-04,0.032
NASDAQ,ATEA,2000-07-03,10.25
NASDAQ,ARMH,2009-09-02,0.048
NASDAQ,ARMH,2009-04-29,0.059
NASDAQ,ARMH,2008-09-03,0.049
NASDAQ,ARMH,2008-04-30,0.07
NASDAQ,ARMH,2007-08-29,0.049
NASDAQ,ARMH,2007-05-02,0.035
NASDAQ,ARMH,2006-08-30,0.023
NASDAQ,ARMH,2006-03-29,0.026
NASDAQ,ARMH,2005-08-31,0.018
NASDAQ,ARMH,2005-03-30,0.024
NASDAQ,ARMH,2004-09-01,0.016
NASDAQ,ARMH,2004-03-31,0.033
NASDAQ,ATRO,2008-10-02,5.5
NASDAQ,ATRO,2003-03-17,2.975
NASDAQ,ATRO,2001-11-14,3.813
NASDAQ,ATRO,2000-10-13,0.9
NASDAQ,ATRO,1995-01-25,0.00145
NASDAQ,ATRO,1994-01-25,0.00145
NASDAQ,ASBI,2009-12-09,0.01
NASDAQ,ASBI,2009-09-09,0.01
NASDAQ,ASBI,2009-06-10,0.04
NASDAQ,ASBI,2009-03-11,0.04
NASDAQ,ASBI,2008-12-10,0.04
NASDAQ,ASBI,2008-09-10,0.04
NASDAQ,ASBI,2008-06-11,0.04
NASDAQ,ASBI,2008-03-12,0.04
NASDAQ,ASBI,2007-12-12,0.04
NASDAQ,ASBI,2007-09-12,0.04
NASDAQ,ASBI,2007-06-13,0.04
NASDAQ,ASBI,2007-03-22,0.04
NASDAQ,ASBI,2006-12-13,0.04
NASDAQ,ASBI,2006-09-13,0.16
NASDAQ,ASBI,2006-06-14,0.16
NASDAQ,ASBI,2006-03-15,0.16
NASDAQ,ASBI,2005-12-28,0.16
NASDAQ,ASBI,2005-09-14,0.16
NASDAQ,ASBI,2005-06-08,0.16
NASDAQ,ASBI,2005-03-09,0.16
NASDAQ,ASBI,2004-12-15,0.16
NASDAQ,ASBI,2004-09-15,0.16
NASDAQ,ASBI,2004-06-09,0.16
NASDAQ,ASBI,2004-03-10,0.16
NASDAQ,ASBI,2003-12-11,0.16
NASDAQ,ASBI,2003-09-10,0.16
NASDAQ,ASBI,2003-06-11,0.16
NASDAQ,ASBI,2003-03-12,0.16
NASDAQ,ASBI,2002-12-11,0.16
NASDAQ,ASBI,2002-09-11,0.16
NASDAQ,ASBI,2002-06-12,0.16
NASDAQ,ASBI,2002-03-13,0.16
NASDAQ,ASBI,2001-12-12,0.16
NASDAQ,ASBI,2001-06-13,0.15
NASDAQ,ASBI,2001-03-14,0.15
NASDAQ,ASBI,2000-12-13,0.15
NASDAQ,ASBI,2000-09-13,0.15
NASDAQ,ASBI,2000-06-14,0.15
NASDAQ,ASBI,2000-03-15,0.15
NASDAQ,ASBI,1999-12-15,0.15
NASDAQ,ASBI,1999-09-15,0.15
NASDAQ,ASBI,1999-06-09,0.15
NASDAQ,ASBI,1999-03-10,0.15
NASDAQ,ASBI,1998-12-16,0.145
NASDAQ,ASBI,1998-09-09,0.14545
NASDAQ,ASBI,1998-06-10,0.14545
NASDAQ,ASBI,1998-03-11,0.14545
NASDAQ,ASBI,1997-12-10,0.14545
NASDAQ,ASBI,1997-09-10,0.14545
NASDAQ,ASBI,1997-06-11,0.13636
NASDAQ,ASBI,1997-03-12,0.13636
NASDAQ,ASBI,1996-12-11,0.13636
NASDAQ,ASBI,1996-09-11,0.12727
NASDAQ,ASBI,1996-06-12,0.12727
NASDAQ,ASBI,1996-03-13,0.15545
NASDAQ,ASBI,1995-12-13,0.11591
NASDAQ,ASBI,1995-09-13,0.11591
NASDAQ,ASBI,1995-06-14,0.10227
NASDAQ,ASBI,1995-03-13,0.10227
NASDAQ,ASBI,1994-12-23,0.10227
NASDAQ,ASBI,1994-12-12,0.10227
NASDAQ,ASBI,1994-09-12,0.10227
NASDAQ,ASBI,1994-06-13,0.10227
NASDAQ,ASBI,1994-03-14,0.10227
NASDAQ,ASBI,1993-12-13,0.10227
NASDAQ,ASBI,1993-09-13,0.09091
NASDAQ,ASBI,1993-06-14,0.09091
NASDAQ,ASBI,1993-03-15,0.08182
NASDAQ,ASBI,1992-12-14,0.08182
NASDAQ,ASBI,1992-09-14,0.08182
NASDAQ,ASBI,1992-06-08,0.07273
NASDAQ,ASBI,1992-03-16,0.07273
NASDAQ,ASBI,1991-12-16,0.07273
NASDAQ,ASBI,1991-09-16,0.06364
NASDAQ,ASBI,1991-06-10,0.06364
NASDAQ,ASBI,1991-03-18,0.06364
NASDAQ,ASBI,1990-12-17,0.05455
NASDAQ,ASBI,1990-09-17,0.05455
NASDAQ,ASBI,1990-06-12,0.05455
NASDAQ,ASBI,1989-12-11,0.04545
NASDAQ,ASBI,1989-09-11,0.04227
NASDAQ,ASBI,1989-06-12,0.04227
NASDAQ,ASBI,1989-03-13,0.04227
NASDAQ,ASBI,1988-12-12,0.03318
NASDAQ,ASBI,1988-09-12,0.03318
NASDAQ,ASBI,1988-06-13,0.03318
NASDAQ,ASBI,1988-03-14,0.03318
NASDAQ,ASBI,1987-12-14,0.03318
NASDAQ,ALOG,2009-12-14,0.1
NASDAQ,ALOG,2009-10-01,0.1
NASDAQ,ALOG,2009-06-12,0.1
NASDAQ,ALOG,2009-03-13,0.1
NASDAQ,ALOG,2008-12-16,0.1
NASDAQ,ALOG,2008-10-02,0.1
NASDAQ,ALOG,2008-06-13,0.1
NASDAQ,ALOG,2008-03-14,0.1
NASDAQ,ALOG,2007-12-14,0.1
NASDAQ,ALOG,2007-10-02,0.1
NASDAQ,ALOG,2007-06-15,0.1
NASDAQ,ALOG,2007-03-16,0.1
NASDAQ,ALOG,2006-12-19,0.1
NASDAQ,ALOG,2006-10-02,0.1
NASDAQ,ALOG,2006-06-15,0.1
NASDAQ,ALOG,2006-03-17,0.1
NASDAQ,ALOG,2005-12-16,0.1
NASDAQ,ALOG,2005-09-30,0.08
NASDAQ,ALOG,2005-06-14,0.08
NASDAQ,ALOG,2005-03-18,0.08
NASDAQ,ALOG,2004-12-17,0.08
NASDAQ,ALOG,2004-10-20,0.08
NASDAQ,ALOG,2004-06-18,0.08
NASDAQ,ALOG,2004-03-23,0.08
NASDAQ,ALOG,2003-12-18,0.08
NASDAQ,ALOG,2003-10-24,0.08
NASDAQ,ALOG,2003-06-23,0.08
NASDAQ,ALOG,2003-03-21,0.08
NASDAQ,ALOG,2002-12-20,0.08
NASDAQ,ALOG,2002-10-25,0.08
NASDAQ,ALOG,2002-06-21,0.07
NASDAQ,ALOG,2002-03-27,0.07
NASDAQ,ALOG,2001-12-21,0.07
NASDAQ,ALOG,2001-10-23,0.07
NASDAQ,ALOG,2001-06-22,0.07
NASDAQ,ALOG,2001-03-27,0.07
NASDAQ,ALOG,2000-12-21,0.07
NASDAQ,ALOG,2000-10-25,0.07
NASDAQ,ALOG,2000-06-22,0.07
NASDAQ,ALOG,2000-03-28,0.07
NASDAQ,ALOG,2000-02-09,0.07
NASDAQ,ALOG,1999-10-19,0.07
NASDAQ,ALOG,1999-06-23,0.07
NASDAQ,ALOG,1999-03-24,0.07
NASDAQ,ALOG,1999-02-03,0.07
NASDAQ,ALOG,1998-10-21,0.06
NASDAQ,ALOG,1998-06-24,0.06
NASDAQ,ALOG,1998-03-25,0.06
NASDAQ,ALOG,1998-02-04,0.06
NASDAQ,ALOG,1997-10-21,0.05
NASDAQ,ALOG,1997-06-24,0.05
NASDAQ,ALOG,1997-04-02,0.05
NASDAQ,ALOG,1997-02-05,0.05
NASDAQ,ALOG,1996-10-18,0.05
NASDAQ,ALOG,1996-06-24,0.05
NASDAQ,ALOG,1996-03-27,0.05
NASDAQ,ALUS,2009-07-09,0.3
NASDAQ,ANAT,2009-12-02,0.77
NASDAQ,ANAT,2009-09-02,0.77
NASDAQ,ANAT,2009-06-03,0.77
NASDAQ,ANAT,2009-03-04,0.77
NASDAQ,ANAT,2008-12-03,0.77
NASDAQ,ANAT,2008-09-03,0.77
NASDAQ,ANAT,2008-06-04,0.77
NASDAQ,ANAT,2008-03-05,0.77
NASDAQ,ANAT,2007-12-05,0.77
NASDAQ,ANAT,2007-09-05,0.76
NASDAQ,ANAT,2007-05-30,0.76
NASDAQ,ANAT,2007-02-28,0.76
NASDAQ,ANAT,2006-11-29,0.76
NASDAQ,ANAT,2006-08-30,0.75
NASDAQ,ANAT,2006-05-31,0.75
NASDAQ,ANAT,2006-03-01,0.75
NASDAQ,ANAT,2005-11-30,0.75
NASDAQ,ANAT,2005-08-31,0.74
NASDAQ,ANAT,2005-06-01,0.74
NASDAQ,ANAT,2005-03-02,0.74
NASDAQ,ANAT,2004-12-01,0.74
NASDAQ,ANAT,2004-09-01,0.74
NASDAQ,ANAT,2004-06-02,0.74
NASDAQ,ANAT,2004-03-03,0.74
NASDAQ,ANAT,2003-12-03,0.74
NASDAQ,ANAT,2003-09-03,0.74
NASDAQ,ANAT,2003-06-04,0.74
NASDAQ,ANAT,2003-03-05,0.74
NASDAQ,ANAT,2002-12-04,0.74
NASDAQ,ANAT,2002-09-04,0.74
NASDAQ,ANAT,2002-06-05,0.74
NASDAQ,ANAT,2002-02-27,0.74
NASDAQ,ANAT,2001-12-05,0.74
NASDAQ,ANAT,2001-09-05,0.73
NASDAQ,ANAT,2001-05-30,0.73
NASDAQ,ANAT,2001-02-28,0.73
NASDAQ,ANAT,2000-11-29,0.73
NASDAQ,ANAT,2000-08-30,0.71
NASDAQ,ANAT,2000-05-31,0.71
NASDAQ,ANAT,2000-03-01,0.71
NASDAQ,ANAT,1999-12-01,0.71
NASDAQ,ANAT,1999-09-01,0.69
NASDAQ,ANAT,1999-06-02,0.69
NASDAQ,ANAT,1999-03-03,0.69
NASDAQ,ANAT,1998-12-02,0.69
NASDAQ,ANAT,1998-09-02,0.67
NASDAQ,ANAT,1998-06-01,0.67
NASDAQ,ANAT,1998-03-04,0.67
NASDAQ,ANAT,1997-12-03,0.67
NASDAQ,ANAT,1997-09-03,0.65
NASDAQ,ANAT,1997-06-04,0.65
NASDAQ,ANAT,1997-03-05,0.65
NASDAQ,ANAT,1996-12-04,0.65
NASDAQ,ANAT,1996-09-04,0.63
NASDAQ,ANAT,1996-06-05,0.63
NASDAQ,ANAT,1996-03-01,0.63
NASDAQ,ANAT,1995-11-29,0.63
NASDAQ,ANAT,1995-08-30,0.59
NASDAQ,ANAT,1995-05-26,0.59
NASDAQ,ANAT,1995-02-27,0.59
NASDAQ,ANAT,1994-11-28,0.59
NASDAQ,ANAT,1994-08-29,0.55
NASDAQ,ANAT,1994-05-27,0.55
NASDAQ,ANAT,1994-02-28,0.55
NASDAQ,ANAT,1993-11-29,0.55
NASDAQ,ANAT,1993-08-30,0.51
NASDAQ,ANAT,1993-05-28,0.51
NASDAQ,ANAT,1993-03-01,0.51
NASDAQ,ANAT,1992-11-30,0.51
NASDAQ,ANAT,1992-08-31,0.47
NASDAQ,ANAT,1992-06-01,0.47
NASDAQ,ANAT,1992-03-02,0.47
NASDAQ,AMIE,2007-05-17,0.1
NASDAQ,AMIE,2007-03-08,0.1
NASDAQ,AMIE,2006-11-10,0.1
NASDAQ,AMIE,2006-08-14,0.1
NASDAQ,AMIE,2006-05-18,0.1
NASDAQ,AMIE,2006-02-15,0.1
NASDAQ,AMIE,2005-11-16,0.1
NASDAQ,AMIE,2005-08-23,0.1
NASDAQ,AMIE,2005-05-26,0.1
NASDAQ,AMIE,2005-02-24,0.1
NASDAQ,AMIE,2004-11-26,0.1
NASDAQ,AMIE,2004-08-26,0.1
NASDAQ,AMIE,2004-05-27,0.1
NASDAQ,AMIE,2004-03-05,0.1
NASDAQ,AMIE,2003-11-20,0.1
NASDAQ,AMIE,2003-09-15,0.1
NASDAQ,AMIE,2002-03-01,12.0
NASDAQ,AMIE,2001-02-26,0.53
NASDAQ,ABCW,2008-10-30,0.01
NASDAQ,ABCW,2008-07-30,0.1
NASDAQ,ABCW,2008-04-28,0.18
NASDAQ,ABCW,2008-01-29,0.18
NASDAQ,ABCW,2007-10-30,0.18
NASDAQ,ABCW,2007-07-30,0.18
NASDAQ,ABCW,2007-04-26,0.17
NASDAQ,ABCW,2007-01-29,0.17
NASDAQ,ABCW,2006-10-30,0.17
NASDAQ,ABCW,2006-07-28,0.17
NASDAQ,ABCW,2006-04-26,0.16
NASDAQ,ABCW,2006-01-27,0.16
NASDAQ,ABCW,2005-10-28,0.16
NASDAQ,ABCW,2005-07-28,0.16
NASDAQ,ABCW,2005-04-26,0.135
NASDAQ,ABCW,2005-01-27,0.125
NASDAQ,ABCW,2004-10-28,0.125
NASDAQ,ABCW,2004-07-28,0.125
NASDAQ,ABCW,2004-04-27,0.11
NASDAQ,ABCW,2004-01-28,0.11
NASDAQ,ABCW,2003-10-29,0.11
NASDAQ,ABCW,2003-07-30,0.11
NASDAQ,ABCW,2003-04-29,0.1
NASDAQ,ABCW,2003-01-29,0.1
NASDAQ,ABCW,2002-10-30,0.09
NASDAQ,ABCW,2002-07-30,0.09
NASDAQ,ABCW,2002-04-29,0.083
NASDAQ,ABCW,2002-01-30,0.083
NASDAQ,ABCW,2001-10-30,0.083
NASDAQ,ABCW,2001-07-30,0.083
NASDAQ,ABCW,2001-04-27,0.075
NASDAQ,ABCW,2001-01-30,0.075
NASDAQ,ABCW,2000-10-30,0.075
NASDAQ,ABCW,2000-07-28,0.075
NASDAQ,ABCW,2000-04-27,0.07
NASDAQ,ABCW,2000-01-28,0.07
NASDAQ,ABCW,1999-10-28,0.065
NASDAQ,ABCW,1999-07-28,0.065
NASDAQ,ABCW,1999-04-28,0.05
NASDAQ,ABCW,1999-01-28,0.05
NASDAQ,ABCW,1998-10-28,0.05
NASDAQ,ABCW,1998-07-29,0.05
NASDAQ,ABCW,1998-04-29,0.045
NASDAQ,ABCW,1998-01-28,0.04
NASDAQ,ABCW,1997-10-29,0.04
NASDAQ,ABCW,1997-07-30,0.04
NASDAQ,ABCW,1997-04-29,0.035
NASDAQ,ABCW,1997-01-29,0.03125
NASDAQ,ABCW,1996-10-30,0.03125
NASDAQ,ABCW,1996-07-30,0.03125
NASDAQ,ABCW,1996-04-29,0.025
NASDAQ,ABCW,1996-01-30,0.02
NASDAQ,ABCW,1995-07-28,0.02
NASDAQ,ABCW,1995-04-25,0.02
NASDAQ,ABCW,1995-01-26,0.012
NASDAQ,ABCW,1994-10-26,0.012
NASDAQ,ABCW,1994-07-26,0.012
NASDAQ,ABCW,1994-04-26,0.012
NASDAQ,ABCW,1994-01-26,0.012
NASDAQ,ABCW,1993-10-26,0.012
NASDAQ,ARTNA,2010-02-03,0.187
NASDAQ,ARTNA,2009-11-06,0.187
NASDAQ,ARTNA,2009-08-05,0.178
NASDAQ,ARTNA,2009-05-07,0.178
NASDAQ,ARTNA,2009-02-04,0.178
NASDAQ,ARTNA,2008-11-07,0.178
NASDAQ,ARTNA,2008-08-07,0.178
NASDAQ,ARTNA,2008-05-08,0.178
NASDAQ,ARTNA,2008-02-06,0.172
NASDAQ,ARTNA,2007-11-06,0.172
NASDAQ,ARTNA,2007-08-08,0.166
NASDAQ,ARTNA,2007-05-08,0.166
NASDAQ,ARTNA,2007-02-07,0.16
NASDAQ,ARTNA,2006-11-08,0.16
NASDAQ,ARTNA,2006-08-08,0.152
NASDAQ,ARTNA,2006-05-08,0.15267
NASDAQ,ARTNA,2006-02-09,0.14867
NASDAQ,ARTNA,2005-11-08,0.14867
NASDAQ,ARTNA,2005-08-11,0.14533
NASDAQ,ARTNA,2005-05-12,0.14533
NASDAQ,ARTNA,2005-02-10,0.142
NASDAQ,ARTNA,2004-11-08,0.142
NASDAQ,ARTNA,2004-08-05,0.13867
NASDAQ,ARTNA,2004-05-06,0.13867
NASDAQ,ARTNA,2004-02-05,0.13533
NASDAQ,ARTNA,2003-11-06,0.13533
NASDAQ,ARTNA,2003-08-07,0.132
NASDAQ,ARTNA,2003-05-08,0.13245
NASDAQ,ARTNA,2003-02-06,0.13245
NASDAQ,ARTNA,2002-11-06,0.12889
NASDAQ,ARTNA,2002-08-08,0.12889
NASDAQ,ARTNA,2002-05-10,0.12889
NASDAQ,ARTNA,2002-02-08,0.12889
NASDAQ,ARTNA,2001-11-07,0.12445
NASDAQ,ARTNA,2001-08-08,0.12445
NASDAQ,ARTNA,2001-05-10,0.12222
NASDAQ,ARTNA,2001-02-08,0.12222
NASDAQ,ARTNA,2000-11-06,0.12222
NASDAQ,ARTNA,2000-08-07,0.12222
NASDAQ,ARTNA,2000-05-08,0.12222
NASDAQ,ARTNA,2000-02-07,0.12
NASDAQ,ARTNA,1999-11-04,0.12
NASDAQ,ARTNA,1999-08-05,0.12
NASDAQ,ARTNA,1999-05-05,0.11555
NASDAQ,ARTNA,1999-02-08,0.11555
NASDAQ,ARTNA,1998-11-09,0.11333
NASDAQ,ARTNA,1998-08-10,0.11333
NASDAQ,ARTNA,1998-05-07,0.10222
NASDAQ,ARTNA,1998-02-10,0.10222
NASDAQ,ARTNA,1997-11-07,0.10222
NASDAQ,ARTNA,1997-08-08,0.10222
NASDAQ,ARTNA,1997-05-12,0.10222
NASDAQ,ARTNA,1997-02-10,0.10222
NASDAQ,ARTNA,1996-11-06,0.10222
NASDAQ,ARTNA,1996-08-07,0.02578
NASDAQ,AHPI,1996-06-26,0.07
NASDAQ,AHPI,1996-03-27,0.07
NASDAQ,AHPI,1995-12-27,0.07
NASDAQ,AHPI,1995-06-28,0.07
NASDAQ,AHPI,1995-03-27,0.07
NASDAQ,AHPI,1994-12-23,0.07
NASDAQ,AHPI,1994-09-26,0.06
NASDAQ,AHPI,1994-06-24,0.06
NASDAQ,AHPI,1994-03-25,0.06
NASDAQ,AHPI,1993-12-27,0.06
NASDAQ,AHPI,1993-09-24,0.06
NASDAQ,AHPI,1993-06-24,0.06
NASDAQ,AHPI,1993-03-25,0.06
NASDAQ,AMAT,2009-11-09,0.06
NASDAQ,AMAT,2009-08-11,0.06
NASDAQ,AMAT,2009-05-12,0.06
NASDAQ,AMAT,2009-02-10,0.06
NASDAQ,AMAT,2008-11-10,0.06
NASDAQ,AMAT,2008-08-12,0.06
NASDAQ,AMAT,2008-05-13,0.06
NASDAQ,AMAT,2008-02-12,0.06
NASDAQ,AMAT,2007-11-13,0.06
NASDAQ,AMAT,2007-08-14,0.06
NASDAQ,AMAT,2007-05-15,0.06
NASDAQ,AMAT,2007-02-13,0.05
NASDAQ,AMAT,2006-11-14,0.05
NASDAQ,AMAT,2006-08-15,0.05
NASDAQ,AMAT,2006-05-16,0.05
NASDAQ,AMAT,2006-02-14,0.03
NASDAQ,AMAT,2005-11-15,0.03
NASDAQ,AMAT,2005-08-15,0.03
NASDAQ,AMAT,2005-05-16,0.03
NASDAQ,ATAX,2009-12-29,0.125
NASDAQ,ATAX,2009-09-28,0.16
NASDAQ,ATAX,2009-06-26,0.125
NASDAQ,ATAX,2009-03-27,0.135
NASDAQ,ATAX,2008-12-29,0.135
NASDAQ,ATAX,2008-09-26,0.135
NASDAQ,ATAX,2008-06-26,0.135
NASDAQ,ATAX,2008-03-27,0.135
NASDAQ,ATAX,2007-12-27,0.135
NASDAQ,ATAX,2007-09-26,0.135
NASDAQ,ATAX,2007-06-27,0.135
NASDAQ,ATAX,2007-03-28,0.135
NASDAQ,ATAX,2007-01-03,0.135
NASDAQ,ATAX,2006-09-27,0.135
NASDAQ,ATAX,2006-06-28,0.135
NASDAQ,ATAX,2006-05-01,0.135
NASDAQ,ATAX,2005-12-28,0.135
NASDAQ,ATAX,2005-09-28,0.135
NASDAQ,ATAX,2005-06-28,0.135
NASDAQ,ATAX,2005-03-29,0.135
NASDAQ,ATAX,2004-12-29,0.135
NASDAQ,ATAX,2004-09-28,0.135
NASDAQ,ATAX,2004-06-28,0.135
NASDAQ,ATAX,2004-03-29,0.135
NASDAQ,ATAX,2003-12-29,0.135
NASDAQ,ATAX,2003-09-26,0.135
NASDAQ,ATAX,2003-06-26,0.135
NASDAQ,ATAX,2003-03-27,0.135
NASDAQ,ATAX,2002-12-27,0.135
NASDAQ,ATAX,2002-09-26,0.135
NASDAQ,ATAX,2002-06-26,0.135
NASDAQ,ATAX,2002-03-26,0.135
NASDAQ,ATAX,2001-12-27,0.135
NASDAQ,ATAX,2001-09-26,0.135
NASDAQ,ATAX,2001-06-27,0.135
NASDAQ,ATAX,2001-03-28,0.135
NASDAQ,ATAX,2000-12-27,0.135
NASDAQ,ATAX,2000-09-27,0.135
NASDAQ,ATAX,2000-06-28,0.135
NASDAQ,ATAX,2000-03-29,0.135
NASDAQ,ATAX,1999-11-26,0.045
NASDAQ,ATAX,1999-10-27,0.045
NASDAQ,ATAX,1999-10-01,0.045
NASDAQ,ATAX,1999-09-02,0.045
NASDAQ,ATAX,1999-08-03,0.045
NASDAQ,ATAX,1999-07-02,0.045
NASDAQ,ATAX,1999-06-01,0.045
NASDAQ,ATAX,1999-05-04,0.045
NASDAQ,ATAX,1999-04-05,0.045
NASDAQ,ATAX,1999-03-03,0.045
NASDAQ,ATAX,1999-02-03,0.045
NASDAQ,ATAX,1998-12-29,0.045
NASDAQ,ATAX,1998-11-25,0.045
NASDAQ,ATAX,1998-10-28,0.045
NASDAQ,ATAX,1998-09-28,0.045
NASDAQ,ATAX,1998-08-27,0.045
NASDAQ,ATAX,1998-07-29,0.045
NASDAQ,ATAX,1998-06-26,0.045
NASDAQ,ATAX,1998-05-27,0.045
NASDAQ,ATAX,1998-04-28,0.045
NASDAQ,ATAX,1998-03-27,0.045
NASDAQ,ATAX,1998-02-25,0.045
NASDAQ,ATAX,1998-01-28,0.045
NASDAQ,ATAX,1997-12-29,0.045
NASDAQ,ATAX,1997-11-25,0.045
NASDAQ,ATAX,1997-10-29,0.045
NASDAQ,ATAX,1997-09-26,0.045
NASDAQ,ATAX,1997-08-27,0.045
NASDAQ,ATAX,1997-07-29,0.045
NASDAQ,ATAX,1997-06-26,0.045
NASDAQ,ATAX,1997-05-28,0.045
NASDAQ,ATAX,1997-04-28,0.045
NASDAQ,ATAX,1997-03-26,0.045
NASDAQ,ATAX,1997-02-26,0.045
NASDAQ,ATAX,1997-01-29,0.045
NASDAQ,ATAX,1996-11-26,0.045
NASDAQ,ATAX,1996-10-29,0.045
NASDAQ,ATAX,1996-09-26,0.045
NASDAQ,ATAX,1996-08-28,0.045
NASDAQ,ATAX,1996-07-29,0.045
NASDAQ,ATAX,1996-06-26,0.045
NASDAQ,ATAX,1996-05-30,0.045
NASDAQ,ATAX,1996-05-29,0.135
NASDAQ,ATAX,1996-04-26,0.135
NASDAQ,ATAX,1996-03-27,0.135
NASDAQ,ATAX,1996-02-27,0.135
NASDAQ,ATAX,1996-01-29,0.135
NASDAQ,ATAX,1995-12-27,0.045
NASDAQ,ATAX,1995-11-28,0.045
NASDAQ,ATAX,1995-10-27,0.045
NASDAQ,ATAX,1995-09-27,0.045
NASDAQ,ATAX,1995-08-29,0.045
NASDAQ,ATAX,1995-07-27,0.045
NASDAQ,ATAX,1995-06-28,0.045
NASDAQ,ATAX,1995-05-24,0.045
NASDAQ,ATAX,1995-04-24,0.045
NASDAQ,ATAX,1995-03-27,0.045
NASDAQ,ATAX,1995-02-22,0.045
NASDAQ,ATAX,1995-01-25,0.045
NASDAQ,ATAX,1995-01-17,0.045
NASDAQ,ATAX,1994-11-23,0.045
NASDAQ,ATAX,1994-10-25,0.045
NASDAQ,ATAX,1994-09-26,0.045
NASDAQ,ATAX,1994-08-25,0.045
NASDAQ,ATAX,1994-07-25,0.045
NASDAQ,ATAX,1994-06-24,0.045
NASDAQ,ATAX,1994-05-24,0.045
NASDAQ,ATAX,1994-04-25,0.045
NASDAQ,ATAX,1994-03-25,0.045
NASDAQ,ATAX,1994-02-22,0.045
NASDAQ,ATAX,1994-01-25,0.045
NASDAQ,ATAX,1993-12-27,0.045
NASDAQ,ATAX,1993-11-23,0.045
NASDAQ,ATAX,1993-10-25,0.045
NASDAQ,ATAX,1993-09-24,0.048
NASDAQ,ATAX,1993-08-25,0.044
NASDAQ,ATAX,1993-07-26,0.045
NASDAQ,ATAX,1993-06-24,0.044
NASDAQ,ATAX,1993-05-24,0.084
NASDAQ,ATAX,1993-04-26,0.084
NASDAQ,ATAX,1993-03-25,0.084
NASDAQ,ATAX,1993-02-22,0.084
NASDAQ,ATAX,1993-01-25,0.084
NASDAQ,ATAX,1992-12-24,0.084
NASDAQ,ATAX,1992-11-23,0.084
NASDAQ,ATAX,1992-10-26,0.084
NASDAQ,ATAX,1992-09-24,0.084
NASDAQ,ATAX,1992-08-25,0.084
NASDAQ,ATAX,1992-07-27,0.084
NASDAQ,ATAX,1992-06-24,0.084
NASDAQ,ATAX,1992-05-22,0.084
NASDAQ,ATAX,1992-04-24,0.084
NASDAQ,ATAX,1992-03-26,0.084
NASDAQ,ATAX,1992-02-24,0.084
NASDAQ,ATAX,1992-01-27,0.084
NASDAQ,ATAX,1991-12-24,0.084
NASDAQ,ATAX,1991-11-22,0.084
NASDAQ,ATAX,1991-10-25,0.084
NASDAQ,ATAX,1991-09-24,0.084
NASDAQ,ATAX,1991-08-26,0.084
NASDAQ,ATAX,1991-07-25,0.084
NASDAQ,ATAX,1991-06-24,0.084
NASDAQ,ATAX,1991-05-24,0.084
NASDAQ,ATAX,1991-04-24,0.084
NASDAQ,ATAX,1991-03-22,0.084
NASDAQ,ATAX,1991-02-22,0.084
NASDAQ,ATAX,1991-01-25,0.084
NASDAQ,ATAX,1990-12-24,0.084
NASDAQ,ATAX,1990-11-26,0.084
NASDAQ,ATAX,1990-10-25,0.084
NASDAQ,ATAX,1990-09-24,0.084
NASDAQ,ATAX,1990-08-27,0.084
NASDAQ,ATAX,1990-07-25,0.084
NASDAQ,ATAX,1990-06-25,0.084
NASDAQ,ATAX,1990-05-24,0.084
NASDAQ,ATAX,1990-04-24,0.084
NASDAQ,ATAX,1990-03-26,0.084
NASDAQ,ATAX,1990-02-22,0.084
NASDAQ,ATAX,1990-01-25,0.084
NASDAQ,ATAX,1989-12-22,0.108
NASDAQ,ATAX,1989-11-24,0.132
NASDAQ,ATAX,1989-10-25,0.107
NASDAQ,ATAX,1989-09-25,0.107
NASDAQ,ATAX,1989-08-25,0.105
NASDAQ,ATAX,1989-07-25,0.105
NASDAQ,ATAX,1989-06-26,0.106
NASDAQ,ATAX,1989-05-25,0.106
NASDAQ,ATAX,1989-04-24,0.106
NASDAQ,ATAX,1989-03-27,0.106
NASDAQ,ATAX,1989-02-22,0.106
NASDAQ,ATAX,1989-01-25,0.106
NASDAQ,ATAX,1988-12-23,0.106
NASDAQ,ATAX,1988-11-23,0.142
NASDAQ,ATAX,1988-10-25,0.142
NASDAQ,ATAX,1988-09-26,0.142
NASDAQ,ATAX,1988-08-25,0.142
NASDAQ,ATAX,1988-07-25,0.142
NASDAQ,ATAX,1988-06-24,0.142
NASDAQ,ATAX,1988-05-24,0.142
NASDAQ,ATAX,1988-04-25,0.142
NASDAQ,ATAX,1988-03-25,0.142
NASDAQ,ATAX,1988-02-23,0.142
NASDAQ,ATAX,1988-01-25,0.142
NASDAQ,ATAX,1987-12-24,0.142
NASDAQ,ATAX,1987-11-23,0.142
NASDAQ,ATAX,1987-10-26,0.137
NASDAQ,ATAX,1987-09-24,0.135
NASDAQ,ATAX,1987-08-25,0.139
NASDAQ,ATAX,1987-07-27,0.137
NASDAQ,ATAX,1987-07-07,0.139
NASDAQ,ATAX,1987-05-22,0.138
NASDAQ,ATAX,1987-04-24,0.131
NASDAQ,ATAX,1987-03-25,0.133
NASDAQ,ATAX,1987-02-23,0.142
NASDAQ,ATAX,1987-01-26,0.142
NASDAQ,ATAX,1986-12-24,0.142
NASDAQ,ATAX,1986-11-21,0.142
NASDAQ,ATAX,1986-10-27,0.142
NASDAQ,ATAX,1986-09-24,0.142
NASDAQ,ATAX,1986-08-25,0.142
NASDAQ,ATAX,1986-07-25,0.142
NASDAQ,ATAX,1986-06-24,0.142
NASDAQ,ATAX,1986-05-23,0.142
NASDAQ,ATAX,1986-04-24,0.142
NASDAQ,AIPC,2005-05-18,0.188
NASDAQ,AIPC,2005-02-17,0.188
NASDAQ,AIPC,2004-11-18,0.188
NASDAQ,AIPC,2004-07-01,0.188
NASDAQ,AIPC,2004-03-17,0.188
NASDAQ,ATRI,2009-11-27,0.36
NASDAQ,ATRI,2009-09-11,0.36
NASDAQ,ATRI,2009-06-11,0.3
NASDAQ,ATRI,2009-03-12,0.3
NASDAQ,ATRI,2008-11-26,0.3
NASDAQ,ATRI,2008-09-11,0.3
NASDAQ,ATRI,2008-06-12,0.24
NASDAQ,ATRI,2008-03-13,0.24
NASDAQ,ATRI,2007-11-29,0.24
NASDAQ,ATRI,2007-09-12,0.24
NASDAQ,ATRI,2007-06-13,0.2
NASDAQ,ATRI,2007-03-13,0.2
NASDAQ,ATRI,2006-11-29,0.2
NASDAQ,ATRI,2006-09-13,0.2
NASDAQ,ATRI,2006-06-13,0.17
NASDAQ,ATRI,2006-03-13,0.17
NASDAQ,ATRI,2005-11-29,0.17
NASDAQ,ATRI,2005-09-13,0.17
NASDAQ,ATRI,2005-06-13,0.14
NASDAQ,ATRI,2005-03-11,0.14
NASDAQ,ATRI,2004-11-29,0.14
NASDAQ,ATRI,2004-09-13,0.14
NASDAQ,ATRI,2004-06-14,0.12
NASDAQ,ATRI,2004-03-11,0.12
NASDAQ,ATRI,2003-11-26,0.12
NASDAQ,ATRI,2003-09-11,0.12
NASDAQ,ATRI,1997-11-20,0.2
NASDAQ,ATRI,1997-08-20,0.2
NASDAQ,ATRI,1997-05-16,0.2
NASDAQ,ATRI,1997-02-18,0.2
NASDAQ,ATRI,1996-11-18,0.2
NASDAQ,ATRI,1996-08-20,0.2
NASDAQ,ATRI,1996-05-20,0.2
NASDAQ,ATRI,1996-02-21,0.2
NASDAQ,ATRI,1995-11-13,0.2
NASDAQ,ATRI,1995-08-17,0.2
NASDAQ,ATRI,1995-05-09,0.2
NASDAQ,ATRI,1995-02-13,0.2
NASDAQ,ATRI,1994-11-14,0.2
NASDAQ,ATRI,1994-08-08,0.2
NASDAQ,ATRI,1994-05-10,0.2
NASDAQ,ATRI,1994-02-15,0.2
NASDAQ,ATRI,1993-08-11,0.2
NASDAQ,ATRI,1993-05-11,0.2
NASDAQ,ATRI,1993-02-16,0.2
NASDAQ,ATRI,1992-11-13,0.2
NASDAQ,ATRI,1992-08-10,0.2
NASDAQ,ATRI,1992-05-14,0.2
NASDAQ,ATRI,1992-02-10,0.18333
NASDAQ,ATRI,1991-11-13,0.18333
NASDAQ,ATRI,1991-08-09,0.18333
NASDAQ,ATRI,1991-05-14,0.18333
NASDAQ,ATRI,1991-02-11,0.18333
NASDAQ,ATRI,1990-11-13,0.18333
NASDAQ,ATRI,1990-08-09,0.18333
NASDAQ,ATRI,1990-05-14,0.18333
NASDAQ,ADBE,2005-03-24,0.0065
NASDAQ,ADBE,2004-12-23,0.0065
NASDAQ,ADBE,2004-09-24,0.0065
NASDAQ,ADBE,2004-06-25,0.0065
NASDAQ,ADBE,2004-03-26,0.0065
NASDAQ,ADBE,2004-01-07,0.0065
NASDAQ,ADBE,2003-09-19,0.0065
NASDAQ,ADBE,2003-06-19,0.0065
NASDAQ,ADBE,2003-03-20,0.0065
NASDAQ,ADBE,2003-01-07,0.0065
NASDAQ,ADBE,2002-09-20,0.0065
NASDAQ,ADBE,2002-06-21,0.0065
NASDAQ,ADBE,2002-03-21,0.0065
NASDAQ,ADBE,2001-12-31,0.0065
NASDAQ,ADBE,2001-09-21,0.0065
NASDAQ,ADBE,2001-06-22,0.0065
NASDAQ,ADBE,2001-03-22,0.0065
NASDAQ,ADBE,2001-01-02,0.0065
NASDAQ,ADBE,2000-09-28,0.00625
NASDAQ,ADBE,2000-06-30,0.00625
NASDAQ,ADBE,2000-03-23,0.00625
NASDAQ,ADBE,1999-12-23,0.00625
NASDAQ,ADBE,1999-09-24,0.00625
NASDAQ,ADBE,1999-06-29,0.00625
NASDAQ,ADBE,1999-03-29,0.00625
NASDAQ,ADBE,1998-12-23,0.00625
NASDAQ,ADBE,1998-09-21,0.00625
NASDAQ,ADBE,1998-07-01,0.00225
NASDAQ,ADBE,1998-04-01,0.00225
NASDAQ,ADBE,1997-12-30,0.00225
NASDAQ,ADBE,1997-09-29,0.00625
NASDAQ,ADBE,1997-07-29,0.00625
NASDAQ,ADBE,1997-07-02,0.00625
NASDAQ,ADBE,1997-03-27,0.00625
NASDAQ,ADBE,1997-01-14,0.00625
NASDAQ,ADBE,1996-09-30,0.00625
NASDAQ,ADBE,1996-07-03,0.00625
NASDAQ,ADBE,1996-04-02,0.00625
NASDAQ,ADBE,1996-01-17,0.00625
NASDAQ,ADBE,1995-10-04,0.00625
NASDAQ,ADBE,1995-07-05,0.00625
NASDAQ,ADBE,1995-03-31,0.00625
NASDAQ,ADBE,1995-01-12,0.00625
NASDAQ,ADBE,1994-09-29,0.00625
NASDAQ,ADBE,1994-06-30,0.00625
NASDAQ,ADBE,1994-03-28,0.00625
NASDAQ,ADBE,1994-01-21,0.00625
NASDAQ,ADBE,1993-10-01,0.00625
NASDAQ,ADBE,1993-06-23,0.00625
NASDAQ,ADBE,1993-03-26,0.00625
NASDAQ,ADBE,1993-01-19,0.005
NASDAQ,ADBE,1992-09-24,0.005
NASDAQ,ADBE,1992-06-23,0.005
NASDAQ,ADBE,1992-03-23,0.005
NASDAQ,ADBE,1992-01-09,0.005
NASDAQ,ADBE,1991-09-25,0.005
NASDAQ,ADBE,1991-06-26,0.005
NASDAQ,ADBE,1991-03-22,0.005
NASDAQ,ADBE,1990-07-02,0.00375
NASDAQ,ADBE,1990-03-26,0.00375
NASDAQ,ADBE,1990-01-08,0.00313
NASDAQ,ARII,2009-06-24,0.03
NASDAQ,ARII,2009-03-18,0.03
NASDAQ,ARII,2009-01-07,0.03
NASDAQ,ARII,2008-10-02,0.03
NASDAQ,ARII,2008-06-25,0.03
NASDAQ,ARII,2008-03-18,0.03
NASDAQ,ARII,2008-01-07,0.03
NASDAQ,ARII,2007-10-03,0.03
NASDAQ,ARII,2007-06-26,0.03
NASDAQ,ARII,2007-03-20,0.03
NASDAQ,ARII,2007-01-04,0.03
NASDAQ,ARII,2006-10-04,0.03
NASDAQ,ARII,2006-06-27,0.03
NASDAQ,ARII,2006-03-20,0.03
NASDAQ,AMOT,1996-08-23,0.025
NASDAQ,AMOT,1995-08-23,0.025
NASDAQ,AMOT,1994-08-22,0.03
NASDAQ,AMOT,1994-02-22,0.027
NASDAQ,AMOT,1993-08-23,0.027
NASDAQ,AMPH,2009-06-11,0.3
NASDAQ,AMPH,2008-06-17,0.3
NASDAQ,AMPH,2007-05-16,0.3
NASDAQ,AMPH,2006-06-15,0.3
NASDAQ,AMPH,2005-08-30,0.25
NASDAQ,AMPH,2004-08-30,0.2
NASDAQ,ANDE,2009-12-30,0.088
NASDAQ,ANDE,2009-09-29,0.088
NASDAQ,ANDE,2009-06-29,0.088
NASDAQ,ANDE,2009-03-30,0.088
NASDAQ,ANDE,2008-12-30,0.085
NASDAQ,ANDE,2008-09-29,0.085
NASDAQ,ANDE,2008-06-27,0.085
NASDAQ,ANDE,2008-03-28,0.078
NASDAQ,ANDE,2007-12-28,0.078
NASDAQ,ANDE,2007-09-27,0.078
NASDAQ,ANDE,2007-06-28,0.048
NASDAQ,ANDE,2007-03-29,0.048
NASDAQ,ANDE,2006-12-28,0.048
NASDAQ,ANDE,2006-09-28,0.045
NASDAQ,ANDE,2006-06-29,0.045
NASDAQ,ANDE,2006-03-30,0.045
NASDAQ,ANDE,2005-12-29,0.0425
NASDAQ,ANDE,2005-09-29,0.0425
NASDAQ,ANDE,2005-06-29,0.0425
NASDAQ,ANDE,2005-03-30,0.04
NASDAQ,ANDE,2004-12-30,0.04
NASDAQ,ANDE,2004-09-29,0.04
NASDAQ,ANDE,2004-06-29,0.0375
NASDAQ,ANDE,2004-03-30,0.0375
NASDAQ,ANDE,2003-12-30,0.0375
NASDAQ,ANDE,2003-09-29,0.035
NASDAQ,ANDE,2003-06-27,0.035
NASDAQ,ANDE,2003-03-28,0.035
NASDAQ,ANDE,2002-12-30,0.035
NASDAQ,ANDE,2002-09-27,0.0325
NASDAQ,ANDE,2002-06-27,0.0325
NASDAQ,ANDE,2002-03-27,0.0325
NASDAQ,ANDE,2001-12-28,0.0325
NASDAQ,ANDE,2001-09-27,0.0325
NASDAQ,ANDE,2001-06-28,0.0325
NASDAQ,ANDE,2001-03-29,0.0325
NASDAQ,ANDE,2000-12-28,0.0325
NASDAQ,ANDE,2000-09-28,0.03
NASDAQ,ANDE,2000-06-29,0.03
NASDAQ,ANDE,2000-03-30,0.03
NASDAQ,ANDE,1999-12-30,0.03
NASDAQ,ANDE,1999-09-29,0.025
NASDAQ,ANDE,1999-06-29,0.025
NASDAQ,ANDE,1999-03-30,0.025
NASDAQ,ANDE,1998-12-30,0.025
NASDAQ,ANDE,1998-09-29,0.02
NASDAQ,ANDE,1998-06-29,0.015
NASDAQ,ANDE,1998-03-30,0.015
NASDAQ,ANDE,1997-12-30,0.015
NASDAQ,ANDE,1997-09-29,0.015
NASDAQ,ANDE,1997-06-27,0.015
NASDAQ,ANDE,1997-03-27,0.015
NASDAQ,ANDE,1996-12-30,0.015
NASDAQ,ADRU,2009-12-18,0.343
NASDAQ,ADRU,2009-09-18,0.185
NASDAQ,ADRU,2009-06-19,0.218
NASDAQ,ADRU,2008-12-19,0.175
NASDAQ,ADRU,2008-09-19,0.167
NASDAQ,ADRU,2008-06-20,0.474
NASDAQ,ADRU,2008-03-20,0.21
NASDAQ,ADRU,2007-12-27,1.477
NASDAQ,ADRU,2007-12-21,0.132
NASDAQ,ADRU,2007-09-21,0.162
NASDAQ,ADRU,2007-06-15,0.419
NASDAQ,ADRU,2007-03-16,0.135
NASDAQ,ADRU,2006-12-15,0.109
NASDAQ,ADRU,2006-09-15,0.147
NASDAQ,ADRU,2006-06-16,0.375
NASDAQ,ADRU,2006-03-17,0.11667
NASDAQ,ADRU,2005-09-16,0.13833
NASDAQ,ADRU,2005-06-17,0.26267
NASDAQ,ADRU,2005-03-18,0.14467
NASDAQ,ADRU,2004-12-31,0.02167
NASDAQ,ADRU,2004-12-17,0.07667
NASDAQ,ADRU,2004-09-17,0.10467
NASDAQ,ADRU,2004-06-18,0.19
NASDAQ,ADRU,2004-03-19,0.109
NASDAQ,ADRU,2003-12-19,0.04167
NASDAQ,ADRU,2003-09-19,0.089
NASDAQ,ADRU,2003-06-20,0.13633
NASDAQ,ADRU,2003-03-21,0.11133
NASDAQ,ADRU,2002-12-20,0.022
NASDAQ,ARCC,2009-12-11,0.35
NASDAQ,ARCC,2009-09-11,0.35
NASDAQ,ARCC,2009-06-11,0.35
NASDAQ,ARCC,2009-03-12,0.42
NASDAQ,ARCC,2008-12-11,0.42
NASDAQ,ARCC,2008-09-11,0.42
NASDAQ,ARCC,2008-06-12,0.42
NASDAQ,ARCC,2008-03-13,0.42
NASDAQ,ARCC,2007-12-12,0.42
NASDAQ,ARCC,2007-09-12,0.42
NASDAQ,ARCC,2007-06-13,0.41
NASDAQ,ARCC,2007-03-15,0.41
NASDAQ,ARCC,2006-12-13,0.5
NASDAQ,ARCC,2006-09-13,0.4
NASDAQ,ARCC,2006-06-13,0.38
NASDAQ,ARCC,2006-03-22,0.36
NASDAQ,ARCC,2005-12-20,0.34
NASDAQ,ARCC,2005-09-14,0.34
NASDAQ,ARCC,2005-06-28,0.32
NASDAQ,ARCC,2005-03-03,0.3
NASDAQ,ARCC,2004-12-22,0.3
NASDAQ,ADRE,2009-12-31,0.021
NASDAQ,ADRE,2009-12-18,0.257
NASDAQ,ADRE,2009-09-18,0.298
NASDAQ,ADRE,2009-06-19,0.275
NASDAQ,ADRE,2009-03-20,0.103
NASDAQ,ADRE,2008-12-19,0.172
NASDAQ,ADRE,2008-09-19,0.298
NASDAQ,ADRE,2008-06-20,0.403
NASDAQ,ADRE,2008-03-20,0.101
NASDAQ,ADRE,2007-12-21,0.158
NASDAQ,ADRE,2007-09-21,0.25
NASDAQ,ADRE,2007-06-15,0.388
NASDAQ,ADRE,2007-03-16,0.047
NASDAQ,ADRE,2006-12-15,0.124
NASDAQ,ADRE,2006-09-15,0.21
NASDAQ,ADRE,2006-06-16,0.189
NASDAQ,ADRE,2006-03-17,0.0665
NASDAQ,ADRE,2005-12-16,0.12875
NASDAQ,ADRE,2005-09-16,0.138
NASDAQ,ADRE,2005-06-17,0.24225
NASDAQ,ADRE,2005-03-18,0.0355
NASDAQ,ADRE,2004-12-31,0.0095
NASDAQ,ADRE,2004-12-17,0.0985
NASDAQ,ADRE,2004-09-17,0.0645
NASDAQ,ADRE,2004-06-18,0.149
NASDAQ,ADRE,2004-03-19,0.02275
NASDAQ,ADRE,2003-12-19,0.6485
NASDAQ,ADRE,2003-09-19,0.04675
NASDAQ,ADRE,2003-06-20,0.1215
NASDAQ,ADRE,2003-03-21,0.01975
NASDAQ,ADRE,2002-12-31,0.02775
NASDAQ,ADRE,2002-12-20,0.0135
NASDAQ,ARDNA,2009-12-29,0.25
NASDAQ,ARDNA,2009-09-28,0.25
NASDAQ,ARDNA,2009-06-26,0.25
NASDAQ,ARDNA,2009-03-27,0.25
NASDAQ,ARDNA,2008-12-29,0.25
NASDAQ,ARDNA,2008-09-26,0.25
NASDAQ,ARDNA,2008-06-26,0.25
NASDAQ,ARDNA,2008-03-27,0.25
NASDAQ,ARDNA,2007-12-26,0.25
NASDAQ,ARDNA,2007-09-26,0.25
NASDAQ,ARDNA,2007-06-27,0.25
NASDAQ,ARDNA,2007-03-28,0.25
NASDAQ,ARDNA,2006-12-27,0.25
NASDAQ,ARDNA,2006-09-27,0.25
NASDAQ,ARDNA,2006-06-28,0.25
NASDAQ,ARDNA,2006-03-29,0.25
NASDAQ,ARDNA,2005-12-28,0.25
NASDAQ,ARDNA,2005-09-28,0.25
NASDAQ,ARDNA,2005-06-28,0.25
NASDAQ,ARDNA,2005-03-29,0.25
NASDAQ,ARDNA,2004-12-29,0.25
NASDAQ,ARDNA,2004-11-10,20.0
NASDAQ,ARDNA,2004-09-28,0.25
NASDAQ,ARDNA,2004-06-28,0.25
NASDAQ,ARDNA,2004-03-29,0.25
NASDAQ,ARDNA,2003-12-29,0.25
NASDAQ,ARDNA,2003-09-18,0.25
